Plugin,Menu,Section,Type,English,Japanese
"Pawprint","","","@Window","Pawprint",""
"Pawprint","","","","#02 松鼠","#02 リス"
"Pawprint","","","","#02 松鼠 → 松鼠 · NameId 37","#02 リス → リス · NameId 37"
"Pawprint","","","","01 库西##monster1","01 KUSI ##monster1"
"Pawprint","","","","02 松鼠##monster2","02 リス ##monster2"
"Pawprint","","","","03 迷途羊羔##monster3","03 迷える子羊 ##monster3"
"Pawprint","","","","04 陆鱼##monster4","04 陸裕 ##monster4"
"Pawprint","","","","05 奥猴##monster5","05 蒼鳳 ##monster5"
"Pawprint","","","","06 渡渡鸟##monster6","06 ドードー ##monster6"
"Pawprint","","","","07 锈蚀矿爬虫##monster7","07 ラストマインクローラー ##monster7"
"Pawprint","","","","08 凶蛛蝎##monster8","08 獰猛なスパイダーサソリ ##monster8"
"Pawprint","","","","09 巨型陆蟹##monster9","09 ジャイアントランドクラブ ##monster9"
"Pawprint","","","","10 大黄蜂##monster10","10 バンブルビー##monster10"
"Pawprint","","","","11 筑巢秃鹫##monster11","11 巣を作るハゲワシ ##monster11"
"Pawprint","","","","12 小蔓德拉##monster12","12 リトル・マンデラ ##monster12"
"Pawprint","","","","13 死魂##monster13","13 デッドソウル ##monster13"
"Pawprint","","","","14 跳蜥幼体##monster14",""
"Pawprint","","","","143 / 143 件",""
"Pawprint","","","","15 薄壳蟹##monster15","薄殻ガニ 15匹 ##monster15"
"Pawprint","","","","16 螳螂杀手##monster16","16 カマキリキラー ##monster16"
"Pawprint","","","","17 怒水腐液##monster17","17 怒りの水の腐敗 ##monster17"
"Pawprint","","","","18 无头教练##monster18","18 ヘッドレスコーチ ##monster18"
"Pawprint","","","","19 洞穴蝙蝠##monster19",""
"Pawprint","","","","20 小红花##monster20",""
"Pawprint","","","","203 / 203 件",""
"Pawprint","","","","21 罗斯利特鹈鹕##monster21","21 ローズレット ペリカン ##monster21"
"Pawprint","","","","22 仙人掌##monster22","22 サボテン ##monster22"
"Pawprint","","","","23 砂石巨像##monster23","23 砂岩の巨像 ##monster23"
"Pawprint","","","","24 碧企鹅##monster24","24 バイペンギン ##monster24"
"Pawprint","","","","25 巨龟##monster25","25 巨大ガメ ##monster25"
"Pawprint","","","","26 负伤原牛##monster26","26 傷ついたオリジナル牛 ##monster26"
"Pawprint","","","","27 船菊石##monster27",""
"Pawprint","","","","28 沙地巨虫##monster28","28 サンドジャイアントワーム ##monster28"
"Pawprint","","","","29 盗墓魔石精##monster29","29 墓荒らしの魔石 ##monster29"
"Pawprint","","","","30 无苔古菩猩猩##monster30","30 モスレス古代オランウータン ##monster30"
"Pawprint","","","","31 沙蟾蜍##monster31","31 スナガエル ##monster31"
"Pawprint","","","","32 蜂鸟##monster32","32 ハチドリ ##monster32"
"Pawprint","","","","33 长须豹##monster33","33 ヒゲヒョウ ##monster33"
"Pawprint","","","","34 森疾龙##monster34","34 セン・ジ・ロン ##monster34"
"Pawprint","","","","35 烈阳火蛟##monster35","35 烈陽火竜 ##monster35"
"Pawprint","","","","36 幼体树精##monster36",""
"Pawprint","","","","37 灵蚁禁军士兵 / 灵蚁禁军警卫##monster37","37 精霊蟻帝国軍兵士/精霊蟻帝国軍親衛隊 ##monster37"
"Pawprint","","","","38 奇美拉##monster38","38 キメラ ##monster38"
"Pawprint","","","","39 套索花##monster39","39 なげなわの花 ##monster39"
"Pawprint","","","","40 妖魂##monster40","40 デーモンソウル ##monster40"
"Pawprint","","","","41 深黑水蜥##monster41","41 ダークブラックウォーターリザード ##monster41"
"Pawprint","","","","42 湖畔眼镜蛇##monster42","42 レイクサイドコブラ ##monster42"
"Pawprint","","","","43 海德拉##monster43","43 ヒドラ##monster43"
"Pawprint","","","","44 虻蜻蜓##monster44","44 蜻蜿蜃##monster44"
"Pawprint","","","","45 腐坏贪吃鬼##monster45","45 堕落した暴食者 ##monster45"
"Pawprint","","","","46 祖##monster46",""
"Pawprint","","","","47 冰锥万迪尔##monster47","47 アイスピック ワンディール ##monster47"
"Pawprint","","","","48 真红龙虾##monster48","48 リアルレッドロブスター ##monster48"
"Pawprint","","","","49 大王花##monster49","49 ラフレシア ##monster49"
"Pawprint","","","","50 贝希摩斯王##monster50",""
"Pawprint","","","","7 / 7 件",""
"Pawprint","","","","AutoDuty · IPC 不可用或版本不匹配：IpcNotReadyError","AutoDuty · IPC が利用できないか、バージョンが一致しません: IpcNotReadyError"
"Pawprint","","","","AutoDuty · 按需 · 待配置","AutoDuty · オンデマンド · 構成する必要があります"
"Pawprint","","","","BNpcName · 0 项","BNpcName · 0 件"
"Pawprint","","","","BossMod · 当前预设：无（或多个）","BossMod · 現在のプリセット: なし (またはそれ以上)"
"Pawprint","","","","Lifestream · IPC 不可用或版本不匹配：IpcNotReadyError","Lifestream · IPC が利用できないか、バージョンが一致しません: IpcNotReadyError"
"Pawprint","","","","Lifestream · 必需 · 待配置","Lifestream · 必須 · 構成する必要があります"
"Pawprint","","","","NameId",""
"Pawprint","","","","OMNI · 未认证","OMNI · 認定されていません"
"Pawprint","","","","Pawprint 0.5.12",""
"Pawprint","","","","Prome GreenMove · IPC 不可用或版本不匹配：IpcNotReadyError","Prome GreenMove · IPC が利用できないか、バージョンが一致していません: IpcNotReadyError"
"Pawprint","","","","PromeRotation · IPC 不可用或版本不匹配：IpcNotReadyError","PromeRotation · IPC が利用できないか、バージョンが一致していません: IpcNotReadyError"
"Pawprint","","","","vnavmesh · 必需 · 已就绪","vnavmesh · 必須 · 準備完了"
"Pawprint","","","","vnavmesh · 网格就绪","vnavmesh · グリッド対応"
"Pawprint","","","","≡ 1级完美食料","≡ レベル1の完全食品"
"Pawprint","","","","≡ 1级魔兽复活药","≡ レベル1のウォークラフト復活ポーション"
"Pawprint","","","","≡ 1级魔兽恢复药","≡ レベル1のウォークラフト回復ポーション"
"Pawprint","","","","≡ 1级魔兽抗失明药","≡ レベル 1 ウォークラフトの失明防止薬"
"Pawprint","","","","≡ 1级魔兽抗毒药","≡ レベル 1 ウォークラフト対毒"
"Pawprint","","","","≡ 1级魔兽抗睡眠药","≡ レベル 1 ウォークラフト抗睡眠薬"
"Pawprint","","","","≡ 1级魔兽抗石化药","≡ レベル 1 ウォークラフト 抗石油化学薬品"
"Pawprint","","","","≡ 1级魔兽抗麻痹药","≡ レベル 1 ウォークラフト抗麻痺薬"
"Pawprint","","","","≡ 1级魔兽耐冰药","≡ レベル 1 ウォークラフトの氷耐性ポーション"
"Pawprint","","","","≡ 1级魔兽耐土药","≡ レベル 1 ウォークラフトの地球耐性薬"
"Pawprint","","","","≡ 1级魔兽耐水药","≡ レベル 1 ウォークラフト耐水ポーション"
"Pawprint","","","","≡ 1级魔兽耐火药","≡ レベル 1 ウォークラフト耐火粉末"
"Pawprint","","","","≡ 1级魔兽耐雷药","≡ レベル 1 ウォークラフト サンダー耐性"
"Pawprint","","","","≡ 1级魔兽耐风药","≡ レベル 1 ウォークラフトの風耐性ポーション"
"Pawprint","","","","≡ 1级魔兽药粉","≡ レベル1のウォークラフトパウダー"
"Pawprint","","","","≡ 2级完美食料","≡ レベル2の完全食品"
"Pawprint","","","","≡ 2级魔兽复活药","≡ レベル 2 ウォークラフト復活ポーション"
"Pawprint","","","","≡ 2级魔兽恢复药","≡ レベル 2 ウォークラフト回復ポーション"
"Pawprint","","","","≡ 2级魔兽抗失明药","≡ レベル 2 ウォークラフトの失明防止薬"
"Pawprint","","","","≡ 2级魔兽抗毒药","≡ レベル 2 ウォークラフト対毒"
"Pawprint","","","","≡ 2级魔兽抗睡眠药","≡ レベル 2 ウォークラフト抗睡眠薬"
"Pawprint","","","","≡ 2级魔兽抗石化药","≡ レベル 2 ウォークラフト 抗石油化学薬品"
"Pawprint","","","","≡ 2级魔兽抗麻痹药","≡ レベル 2 ウォークラフト抗麻痺薬"
"Pawprint","","","","≡ 2级魔兽耐冰药","≡ レベル 2 ウォークラフトの氷耐性ポーション"
"Pawprint","","","","≡ 2级魔兽耐土药","≡ レベル 2 ウォークラフト アース耐性薬"
"Pawprint","","","","≡ 2级魔兽耐水药","≡ レベル 2 ウォークラフト耐水ポーション"
"Pawprint","","","","≡ 2级魔兽耐火药","≡ レベル 2 ウォークラフト耐火粉末"
"Pawprint","","","","≡ 2级魔兽耐雷药","≡ レベル 2 ウォークラフト サンダー耐性"
"Pawprint","","","","≡ 2级魔兽耐风药","≡ レベル 2 ウォークラフトの風耐性ポーション"
"Pawprint","","","","≡ 2级魔兽药粉","≡ レベル 2 ウォークラフトパウダー"
"Pawprint","","","","≡ 3级魔兽恢复药","≡ レベル 3 ウォークラフト回復ポーション"
"Pawprint","","","","≡ 3级魔兽药粉","≡ レベル3のウォークラフトパウダー"
"Pawprint","","","","≡ 4级魔兽恢复药","≡ レベル 4 ウォークラフト回復ポーション"
"Pawprint","","","","≡ 体力腰带","≡ 強度ベルト"
"Pawprint","","","","≡ 冰之牙","≡ アイスファング"
"Pawprint","","","","≡ 力量护臂","≡ 力のアームガード"
"Pawprint","","","","≡ 加速腰带","≡ 加速ベルト"
"Pawprint","","","","≡ 原力之盾","≡ フォースシールド"
"Pawprint","","","","≡ 反射之书","≡ 反省の書"
"Pawprint","","","","≡ 吸血鬼之牙","≡ ヴァンパイアの牙"
"Pawprint","","","","≡ 商人上衣",""
"Pawprint","","","","≡ 商人之眼","≡ 商人の目"
"Pawprint","","","","≡ 商人帽子",""
"Pawprint","","","","≡ 商人靴",""
"Pawprint","","","","≡ 回唤兽笛","≡ コールバック獣の笛"
"Pawprint","","","","≡ 土之牙","≡ アースファング"
"Pawprint","","","","≡ 土地盾",""
"Pawprint","","","","≡ 坚守戒指","≡ リングに固執する"
"Pawprint","","","","≡ 大师盾","≡ マスターシールド"
"Pawprint","","","","≡ 天使白衣",""
"Pawprint","","","","≡ 奇仙子莓奶酪","≡ フェアリーベリーチーズ"
"Pawprint","","","","≡ 奇伞蘑","≡ キノコ"
"Pawprint","","","","≡ 奇农家奶酪","≡ チーノンファミリーチーズ"
"Pawprint","","","","≡ 奇吐司","≡ チートースト"
"Pawprint","","","","≡ 奇圣水","≡ 奇妙な聖水"
"Pawprint","","","","≡ 奇奶油奶酪","≡ 奇妙なクリームチーズ"
"Pawprint","","","","≡ 奇山莓","≡ チーラズベリー"
"Pawprint","","","","≡ 奇柠檬","≡ 奇妙なレモン"
"Pawprint","","","","≡ 奇橙汁","≡ チーオレンジジュース"
"Pawprint","","","","≡ 奇水","≡ 秋水"
"Pawprint","","","","≡ 奇汁液","≡ 奇妙なジュース"
"Pawprint","","","","≡ 奇沙蚕","≡ チーネイカイコ"
"Pawprint","","","","≡ 奇洋葱","≡ 奇妙な玉ねぎ"
"Pawprint","","","","≡ 奇激昂油",""
"Pawprint","","","","≡ 奇激昂液",""
"Pawprint","","","","≡ 奇炸鱼饼","≡ かまぼこのチーフライ"
"Pawprint","","","","≡ 奇烤串","≡ チーケバブ"
"Pawprint","","","","≡ 奇牛奶","≡ チーミルク"
"Pawprint","","","","≡ 奇牛肝菌","≡ 奇跡のポルチーニ"
"Pawprint","","","","≡ 奇牡蛎",""
"Pawprint","","","","≡ 奇狼蛛","≡ 奇妙なオオカミグモ"
"Pawprint","","","","≡ 奇玉米面包","≡ 奇妙なコーンブレッド"
"Pawprint","","","","≡ 奇番茄","≡ 奇妙なトマト"
"Pawprint","","","","≡ 奇白松露","≡ 極上の白トリュフ"
"Pawprint","","","","≡ 奇白蝎","≡ チーバイスコーピオン"
"Pawprint","","","","≡ 奇百合","≡ チー・リリー"
"Pawprint","","","","≡ 奇盐","≡ 不思議な塩"
"Pawprint","","","","≡ 奇神仙鱼","≡ 奇妙なエンゼルフィッシュ"
"Pawprint","","","","≡ 奇粘液","≡ 奇妙なスライム"
"Pawprint","","","","≡ 奇糖浆","≡ 奇妙なシロップ"
"Pawprint","","","","≡ 奇红壳蛋","≡ 奇妙な赤い卵"
"Pawprint","","","","≡ 奇肉","≡ 奇妙な肉"
"Pawprint","","","","≡ 奇肉排","≡ 奇数ポークステーキ"
"Pawprint","","","","≡ 奇胡萝卜","≡ 奇妙なニンジン"
"Pawprint","","","","≡ 奇花茶","≡ 斉華茶"
"Pawprint","","","","≡ 奇莴苣","≡ ワンダーレタス"
"Pawprint","","","","≡ 奇菠萝汁","≡ Qiパイナップルジュース"
"Pawprint","","","","≡ 奇葡萄","≡ チーグレープ"
"Pawprint","","","","≡ 奇葡萄汁",""
"Pawprint","","","","≡ 奇蓝纹奶酪","≡ 奇妙なブルーチーズ"
"Pawprint","","","","≡ 奇蘑菇","≡ 奇妙なキノコ"
"Pawprint","","","","≡ 奇蛋",""
"Pawprint","","","","≡ 奇蜂巢","≡ 奇妙な蜂の巣"
"Pawprint","","","","≡ 奇蜂蜜",""
"Pawprint","","","","≡ 奇酸奶昔",""
"Pawprint","","","","≡ 奇颠茄","≡ ベラドンナ"
"Pawprint","","","","≡ 奇风茄","≡ キマンガン"
"Pawprint","","","","≡ 奇香橙",""
"Pawprint","","","","≡ 奇香蕉","≡ チーバナナ"
"Pawprint","","","","≡ 奇高贵鲜血","≡ 斉の貴族の血"
"Pawprint","","","","≡ 奇鱼籽","≡ 奇妙な魚卵"
"Pawprint","","","","≡ 奇鲜血","≡ 奇妙な血"
"Pawprint","","","","≡ 奇鲱鱼","≡ 奇妙なニシン"
"Pawprint","","","","≡ 奇鲽鱼","≡ 奇妙なガレイ"
"Pawprint","","","","≡ 奇鳎","≡ チーソラ"
"Pawprint","","","","≡ 奇黄壳蛋","≡ 奇妙な黄色い殻の卵"
"Pawprint","","","","≡ 奇黑松露","≡ 極上の黒トリュフ"
"Pawprint","","","","≡ 奇黑蝎","≡ 奇妙な黒蠍"
"Pawprint","","","","≡ 女帝飞虫的薄翼发饰","≡ 皇后飛翔昆虫の薄羽ヘアアクセサリー"
"Pawprint","","","","≡ 寒冰盾","≡ アイスシールド"
"Pawprint","","","","≡ 幻影背心","≡ ファントムベスト"
"Pawprint","","","","≡ 忍者手甲",""
"Pawprint","","","","≡ 忍者服",""
"Pawprint","","","","≡ 忍者眼带",""
"Pawprint","","","","≡ 恶魔头盔","≡ 鬼の兜"
"Pawprint","","","","≡ 恶魔铠甲","≡ デーモンアーマー"
"Pawprint","","","","≡ 战士圆盾","≡ ウォリアーバックラー"
"Pawprint","","","","≡ 时之沙","≡ 時の砂"
"Pawprint","","","","≡ 星之沙","≡ 星の砂"
"Pawprint","","","","≡ 星极上衣","≡ 興吉トップ"
"Pawprint","","","","≡ 星极戒指","≡ スターリング"
"Pawprint","","","","≡ 星极手镯","≡ スターブレスレット"
"Pawprint","","","","≡ 替身戒指","≡ スタンドインリング"
"Pawprint","","","","≡ 死神铠甲",""
"Pawprint","","","","≡ 水之牙","≡ 水の牙"
"Pawprint","","","","≡ 水流盾",""
"Pawprint","","","","≡ 治愈戒指","≡ ヒーリングリング"
"Pawprint","","","","≡ 深红缎带","≡ 深紅のリボン"
"Pawprint","","","","≡ 源氏之护手","≡ 源氏の小手"
"Pawprint","","","","≡ 源氏之盾",""
"Pawprint","","","","≡ 源氏之铠",""
"Pawprint","","","","≡ 火之牙","≡ 炎の牙"
"Pawprint","","","","≡ 火焰匕首","≡ フレイムダガー"
"Pawprint","","","","≡ 火焰盾","≡ フレイムシールド"
"Pawprint","","","","≡ 灵极上衣","≡ 霊基トップ"
"Pawprint","","","","≡ 灵极戒指","≡ リンジーリング"
"Pawprint","","","","≡ 灵极手镯","≡ リンジーブレスレット"
"Pawprint","","","","≡ 烈风盾","≡ ゲイルシールド"
"Pawprint","","","","≡ 烈风铠甲","≡ ゲイルアーマー"
"Pawprint","","","","≡ 烈风面罩","≡ ゲイルマスク"
"Pawprint","","","","≡ 猛兽短刀","≡ ビーストダガー"
"Pawprint","","","","≡ 猛兽耳饰","≡ 野獣のイヤリング"
"Pawprint","","","","≡ 猛兽面具","≡ ビーストマスク"
"Pawprint","","","","≡ 理性之杖","≡ 理性のロッド"
"Pawprint","","","","≡ 盗贼上衣","≡ 泥棒のトップ"
"Pawprint","","","","≡ 盗贼之眼","≡ 盗賊の目"
"Pawprint","","","","≡ 盗贼匕首","≡ 盗賊のダガー"
"Pawprint","","","","≡ 盗贼手套","≡ 盗賊の手袋"
"Pawprint","","","","≡ 盗贼靴","≡ 泥棒ブーツ"
"Pawprint","","","","≡ 神秘面纱","≡ ミステリー"
"Pawprint","","","","≡ 神秘鞋","≡ ミステリーシューズ"
"Pawprint","","","","≡ 秘银护手","≡ ミスリルガントレット"
"Pawprint","","","","≡ 秘银足铠","≡ ミスリルフットアーマー"
"Pawprint","","","","≡ 秘银铠甲","≡ ミスリルアーマー"
"Pawprint","","","","≡ 绿色贝雷帽","≡ グリーンベレー"
"Pawprint","","","","≡ 缠冰斧",""
"Pawprint","","","","≡ 缠土斧",""
"Pawprint","","","","≡ 缠头带","≡ カチューシャ"
"Pawprint","","","","≡ 缠水斧",""
"Pawprint","","","","≡ 缠火斧",""
"Pawprint","","","","≡ 缠雷斧",""
"Pawprint","","","","≡ 缠风斧",""
"Pawprint","","","","≡ 胆小者的匕首","≡ 気の弱い人のための短剣"
"Pawprint","","","","≡ 英雄王冠",""
"Pawprint","","","","≡ 荆棘铠甲","≡ いばらの鎧"
"Pawprint","","","","≡ 药师腰包","≡ 薬剤師のベルトバッグ"
"Pawprint","","","","≡ 退魔盾",""
"Pawprint","","","","≡ 重斧",""
"Pawprint","","","","≡ 野生头冠","≡ ワイルドティアラ"
"Pawprint","","","","≡ 钢刺之书","≡ 鋼鉄の棘の書"
"Pawprint","","","","≡ 钢铁铠甲","≡ 鋼鉄の鎧"
"Pawprint","","","","≡ 银框眼镜","≡ シルバーフレームのメガネ"
"Pawprint","","","","≡ 铸魔之书","≡ 鍛えられた悪魔の書"
"Pawprint","","","","≡ 闪躲之书","≡ ドッジの本"
"Pawprint","","","","≡ 闪雷斧",""
"Pawprint","","","","≡ 闪雷铠","≡ ライトニングアーマー"
"Pawprint","","","","≡ 雷之牙","≡サンダーファング"
"Pawprint","","","","≡ 风之牙","≡ 風の牙"
"Pawprint","","","","≡ 高昂戒指","≡ 元気の出るリング"
"Pawprint","","","","≡ 魔兽刚力猛药","≡ ウォークラフト ストロングポーション"
"Pawprint","","","","≡ 魔兽刚力药","≡ ウォークラフト強化ポーション"
"Pawprint","","","","≡ 魔兽加速药","≡ World of Warcraft 加速ポーション"
"Pawprint","","","","≡ 魔兽吸血药","≡ ウォークラフト ヴァンパイアポーション"
"Pawprint","","","","≡ 魔兽恢复药套装","≡ ウォークラフト回復ポーションセット"
"Pawprint","","","","≡ 魔兽敏捷猛药","≡ ウォークラフト敏捷ポーション"
"Pawprint","","","","≡ 魔兽敏捷药","≡ World of Warcraft 敏捷ポーション"
"Pawprint","","","","≡ 魔兽治愈套装","≡ ウォークラフトヒーリングセット"
"Pawprint","","","","≡ 魔兽烟雾弹","≡ ウォークラフト発煙弾"
"Pawprint","","","","≡ 魔兽特攻猛药","≡ ウォークラフト スペシャルアタックポーション"
"Pawprint","","","","≡ 魔兽特攻药","≡ ウォークラフト特攻薬"
"Pawprint","","","","≡ 魔兽眼药","≡ ウォークラフトの目薬"
"Pawprint","","","","≡ 魔兽硬肤药","≡ World of Warcraft ハードスキン ポーション"
"Pawprint","","","","≡ 魔兽缩时药","≡ World of Warcraft 時間短縮ポーション"
"Pawprint","","","","≡ 魔兽羽毛","≡ ウォークラフトの羽根"
"Pawprint","","","","≡ 魔兽耐力猛药","≡ ウォークラフト・エンデュランス・ポーション"
"Pawprint","","","","≡ 魔兽耐力药","≡ ウォークラフトスタミナポーション"
"Pawprint","","","","≡ 魔兽解毒药","≡ ウォークラフト解毒剤"
"Pawprint","","","","≡ 魔兽金针","≡ ウォークラフトの金針"
"Pawprint","","","","≡ 魔兽魔力猛药","≡ ウォークラフトの魔法のポーション"
"Pawprint","","","","≡ 魔兽魔力药","≡ ウォークラフトの魔法のポーション"
"Pawprint","","","","≡ 魔咒帽子","≡ チャームドハット"
"Pawprint","","","","≡ 黄金发饰","≡ ゴールドのヘアアクセサリー"
"Pawprint","","","","≡ 黑头巾","≡ 黒いターバン"
"Pawprint","","","","一次性凭证 · 签发后 30 秒有效","1回限りのバウチャー・発行後30秒間有効"
"Pawprint","","","","不使用道具",""
"Pawprint","","","","不喂食","餌を与えていない"
"Pawprint","","","","不在帐篷休息","テント内で休まない"
"Pawprint","","","","不明",""
"Pawprint","","","","不自动开怪","モンスターを自動で発動させない"
"Pawprint","","","","不花费斗兽币","獣コインはかかりません"
"Pawprint","","","","不获得装备","装備が手に入らない"
"Pawprint","","","","东拉诺西亚","東ラノシア"
"Pawprint","","","","中拉诺西亚","中央ラノシア"
"Pawprint","","","","中毒耐性+100%
受到伤害-10%
适于以下魔兽食用：
百兽纲 百虫纲 有翼纲 草木纲 水栖纲 甲鳞纲 咒具纲 死尸纲","毒耐性+100%
受けるダメージ -10%
以下のモンスターに適しています。
クラスエンサイクロペディア、クラスセンテノーラ、クラス翼虫類、クラス草本科、クラスアクアティカ、クラスオ爪虫、クラスカース、クラスネクロゾア"
"Pawprint","","","","中萨纳兰","中央サナランド"
"Pawprint","","","","为自身及周围队员附加“耐冰药”状态
耐冰药效果：50%几率使冰属性伤害无效并吸收
持续时间：15秒
该道具仅可在战斗地图中使用","自分と周囲のメンバーに「氷耐性の薬」状態を付与
氷耐性ポーションの効果：50%の確率で氷ダメージを無効化し吸収する
持続時間: 15秒
この小道具は戦闘マップでのみ使用できます"
"Pawprint","","","","为自身及周围队员附加“耐冰药”状态
耐冰药效果：70%几率使冰属性伤害无效并吸收
持续时间：15秒
该道具仅可在战斗地图中使用","自分と周囲のメンバーに「氷耐性の薬」状態を付与
氷耐性ポーションの効果：70%の確率で氷ダメージを無効化し吸収する
持続時間: 15秒
この小道具は戦闘マップでのみ使用できます"
"Pawprint","","","","为自身及周围队员附加“耐土药”状态
耐土药效果：50%几率使土属性伤害无效并吸收
持续时间：15秒
该道具仅可在战斗地图中使用","自分と周囲のチームメンバーに「土薬耐性」状態を付与
土耐性の薬効果：50％の確率で土属性ダメージを無効化し吸収
持続時間: 15秒
この小道具は戦闘マップでのみ使用できます"
"Pawprint","","","","为自身及周围队员附加“耐土药”状态
耐土药效果：70%几率使土属性伤害无效并吸收
持续时间：15秒
该道具仅可在战斗地图中使用","自分と周囲のチームメンバーに「土薬耐性」状態を付与
土耐性の薬効果：70％の確率で土属性ダメージを無効化し吸収
持続時間: 15秒
この小道具は戦闘マップでのみ使用できます"
"Pawprint","","","","为自身及周围队员附加“耐水药”状态
耐水药效果：50%几率使水属性伤害无效并吸收
持续时间：15秒
该道具仅可在战斗地图中使用","自分と周囲のチームメンバーに「耐水」ステータスを付与
耐水ポーション効果：50%の確率で水ダメージを無効化し吸収する
持続時間: 15秒
この小道具は戦闘マップでのみ使用できます"
"Pawprint","","","","为自身及周围队员附加“耐水药”状态
耐水药效果：70%几率使水属性伤害无效并吸收
持续时间：15秒
该道具仅可在战斗地图中使用","自分と周囲のチームメンバーに「耐水」ステータスを付与
水耐性ポーション効果：70%の確率で水属性ダメージを無効化し吸収
持続時間: 15秒
この小道具は戦闘マップでのみ使用できます"
"Pawprint","","","","为自身及周围队员附加“耐火药”状态
耐火药效果：50%几率使火属性伤害无效并吸收
持续时间：15秒
该道具仅可在战斗地图中使用","自分と周囲のチームメンバーに「耐火粉」状態を付与
耐火粉効果：50%の確率で火ダメージを無効化し吸収する
持続時間: 15秒
この小道具は戦闘マップでのみ使用できます"
"Pawprint","","","","为自身及周围队员附加“耐火药”状态
耐火药效果：70%几率使火属性伤害无效并吸收
持续时间：15秒
该道具仅可在战斗地图中使用","自分と周囲のチームメンバーに「耐火粉」状態を付与
耐火粉効果：70%の確率で火属性ダメージを無効化し吸収する
持続時間: 15秒
この小道具は戦闘マップでのみ使用できます"
"Pawprint","","","","为自身及周围队员附加“耐雷药”状态
耐雷药效果：50%几率使雷属性伤害无效并吸收
持续时间：15秒
该道具仅可在战斗地图中使用","自分と周囲のチームメンバーに「雷耐性」ステータスを付与
雷耐性効果：50%の確率で雷属性ダメージを無効化し吸収
持続時間: 15秒
この小道具は戦闘マップでのみ使用できます"
"Pawprint","","","","为自身及周围队员附加“耐雷药”状态
耐雷药效果：70%几率使雷属性伤害无效并吸收
持续时间：15秒
该道具仅可在战斗地图中使用","自分と周囲のチームメンバーに「雷耐性」ステータスを付与
雷耐性効果：70%の確率で雷属性ダメージを無効化し吸収
持続時間: 15秒
この小道具は戦闘マップでのみ使用できます"
"Pawprint","","","","为自身及周围队员附加“耐风药”状态
耐风药效果：50%几率使风属性伤害无效并吸收
持续时间：15秒
该道具仅可在战斗地图中使用","自身と周囲のチームメンバーに「耐風薬」状態を付与
風耐性ポーションの効果：50%の確率で風ダメージを無効化し吸収する
持続時間: 15秒
この小道具は戦闘マップでのみ使用できます"
"Pawprint","","","","为自身及周围队员附加“耐风药”状态
耐风药效果：70%几率使风属性伤害无效并吸收
持续时间：15秒
该道具仅可在战斗地图中使用","自身と周囲のチームメンバーに「耐風薬」状態を付与
風耐性ポーションの効果：70%の確率で風ダメージを無効化し吸収する
持続時間: 15秒
この小道具は戦闘マップでのみ使用できます"
"Pawprint","","","","为自身附加“商人之眼”状态
商人之眼效果：下一次完成战斗时的斗兽币获得量将变为2倍
持续时间：30分
该道具仅可在战斗地图中使用","自身に「商人の目」ステータスを付与する
商人の目効果：次のバトルクリア時に獲得できる獣コインの量が2倍になります。
所要時間: 30分
この小道具は戦闘マップでのみ使用できます"
"Pawprint","","","","为自身附加“时之沙”状态
时之沙效果：战斗中败北后，会回到战斗开始前
持续时间：永久
该道具仅可在战斗地图中使用","自身に「時の砂」ステータスを追加する
時の砂の効果：戦闘で敗北すると戦闘開始前に戻ります。
期間: 永遠に
この小道具は戦闘マップでのみ使用できます"
"Pawprint","","","","为自身附加“盗贼之眼”状态
盗贼之眼效果：下一次完成战斗时的战利品掉落率将变为3倍
持续时间：30分
该道具仅可在战斗地图中使用","自身に「盗賊の目」ステータスを付与する
Thief's Eye効果：次の戦闘が完了すると戦利品のドロップ率が3倍になります。
所要時間: 30分
この小道具は戦闘マップでのみ使用できます"
"Pawprint","","","","为自身附加“盗贼的药”状态
盗贼的药效果：移动速度提高20%，回避率提高5%，中毒耐性提高100%
持续时间：永久，完成1次战斗后效果消失
该道具仅可在战斗地图中使用","自身に「盗賊の薬」ステータスを付与する
盗賊の薬効果：移動速度20％アップ、回避率5％アップ、毒耐性100％アップ
持続時間：永続、1戦闘終了で効果は消滅
この小道具は戦闘マップでのみ使用できます"
"Pawprint","","","","为自身附加“自动恢复药”状态
自动恢复药效果：体力低于50%时自动恢复40%的体力，发动恢复效果后有50%的几率解除该状态，盗贼的药状态中解除几率变为10%
持续时间：150秒
追加效果：持有“盗贼上衣”时，持续时间将变为240秒
该道具仅可在战斗地图中使用","自身に「自動回復薬」ステータスを付与する
自動回復薬の効果：体力が50％以下の場合、体力を40％自動回復。回復効果発動後、50％の確率で状態が解除される。シーフの薬状態が解除される確率が10%になります。
持続時間: 150秒
追加効果：「シーフズジャケット」所持時、持続時間が240秒になる。
この小道具は戦闘マップでのみ使用できます"
"Pawprint","","","","为自身附加“自动治愈”状态
自动治愈效果：可免疫一次目标所受到的部分异常状态效果
持续时间：240秒
该道具仅可在战斗地图中使用","自身に「自動回復」状態を付与する
自動回復効果：対象が受ける一部の状態異常効果を一度耐性にすることができる
持続時間: 240秒
この小道具は戦闘マップでのみ使用できます"
"Pawprint","","","","为自身附加“重生”状态
重生效果：陷入无法战斗状态时有70%的几率自动复活
持续时间：永久","自身に「転生」ステータスを付与する
復活効果：戦闘不能時、70％の確率で自動復活する。
期間: 永遠に"
"Pawprint","","","","为自身附加“重生”状态
重生效果：陷入无法战斗状态时有95%的几率自动复活
持续时间：永久","自身に「転生」ステータスを付与する
復活効果：戦闘不能時に95％の確率で自動復活する。
期間: 永遠に"
"Pawprint","","","","为自身附加“钢刺”状态
钢刺效果：所有攻击均附带物理属性
该效果也会附加到魔兽身上
持续时间：180秒
该道具仅可在战斗地图中使用","自身に「鋼の棘」状態を付与する
鋼の棘効果：全ての攻撃に物理属性が付与される
この効果はWarcraftにも追加されます
持続時間: 180秒
この小道具は戦闘マップでのみ使用できます"
"Pawprint","","","","为自身附加“铸魔”状态
铸魔效果：所有攻击均附带魔法属性
该效果也会附加到魔兽身上
持续时间：180秒
该道具仅可在战斗地图中使用","自身に「鍛造魔」ステータスを付与
魔法の詠唱効果: すべての攻撃に魔法の属性が付与されます。
この効果はWarcraftにも追加されます
持続時間: 180秒
この小道具は戦闘マップでのみ使用できます"
"Pawprint","","","","为达成个数目标预留道具（背包≤目标时不用药）","目標数を達成するために小道具を予約します（バックパックが目標数以下の場合は薬は使用されません）"
"Pawprint","","","","仅寻找选中","選択したものだけを検索"
"Pawprint","","","","以太爆发威力+10%
特殊效果：暴击时为自身附加1档“造成物理伤害提高”状态
造成物理伤害提高效果：发动物理攻击造成的伤害提高10%
持续时间：30秒
最大档数：5档
适于以下魔兽食用：
百兽纲 百虫纲 有翼纲 草木纲 水栖纲 甲鳞纲 死尸纲","エーテルバースト威力+10%
特殊効果：クリティカル発生時、自身に「物理与ダメージ増加」状態を1段階追加する。
物理ダメージ増加効果：物理攻撃によるダメージを10％増加
持続時間: 30秒
最大ギア数: 5 ギア
以下のモンスターに適しています。
クラス百科事典、クラス百科事典、翼虫類クラス、ハーブ類クラス、水生クラス、爪真菌類クラス、壊死動物クラス"
"Pawprint","","","","以太爆发威力+10%
特殊效果：暴击时为自身附加1档“闪躲”状态
闪躲效果：除特定攻击之外其他所有物理攻击均无效化，无效化时消耗1档闪躲
持续时间：120秒
最大档数：5档
适于以下魔兽食用：
百兽纲 百虫纲 有翼纲 草木纲 水栖纲 甲鳞纲 死尸纲","エーテルバースト威力+10%
特殊効果：クリティカル時、自身に「回避」状態を1段階追加
回避効果：特定の攻撃を除く全ての物理攻撃を無効化する。無効化すると回避力が1レベル消費されます。
持続時間: 120秒
最大ギア数: 5 ギア
以下のモンスターに適しています。
クラス百科事典、クラス百科事典、翼虫類クラス、ハーブ類クラス、水生クラス、爪真菌類クラス、壊死動物クラス"
"Pawprint","","","","以太爆发威力+10%
特殊效果：魔兽发动战技触发兽心协作技时，有30%的几率恢复一部分消耗的技力
适于以下魔兽食用：
百兽纲 百虫纲 草木纲 水栖纲 甲鳞纲 死尸纲","エーテルバースト威力+10%
特殊効果：ウォークラフトがコンバットスキルを発動してビーストハート連携スキルを発動すると、30％の確率で消費したスキルの一部を回復する。
以下のモンスターに適しています。
クラス百科事典 クラス クラス百科事典 クラス クラス草本科 クラス クラス水生生物 クラス クラス爪真菌症 クラス クラス壊虫症"
"Pawprint","","","","以太爆发威力+25%
特殊效果：魔兽发动战技触发兽心协作技时，有35%的几率恢复一部分消耗的技力
适于以下魔兽食用：
有翼纲","エーテルバースト威力+25%
特殊効果：ウォークラフトがコンバットスキルを発動してビーストハート連携スキルを発動すると、35％の確率で消費したスキルの一部を回復する。
以下のモンスターに適しています。
翼のあるクラス"
"Pawprint","","","","以太爆发威力+35%
适于以下魔兽食用：
百兽纲 百虫纲 有翼纲 草木纲 水栖纲 甲鳞纲 死尸纲","エーテルバースト威力+35%
以下のモンスターに適しています。
クラス百科事典、クラス百科事典、翼虫類クラス、ハーブ類クラス、水生クラス、爪真菌類クラス、壊死動物クラス"
"Pawprint","","","","以自身或魔兽为目标，以噩梦为代价，附加“魔力药”状态
魔力药效果：令目标造成的魔法伤害提高50%
噩梦持续时间：30秒
魔力药持续时间：30秒
该道具仅可在战斗地图中使用","悪夢を犠牲にして自分自身またはモンスターをターゲットにし、「魔法のポーション」ステータスを追加します
魔法のポーション効果：対象に与える魔法ダメージが50％増加します。
悪夢の持続時間: 30秒
魔法のポーション持続時間: 30秒
この小道具は戦闘マップでのみ使用できます"
"Pawprint","","","","以自身或魔兽为目标，以失明为代价，附加“敏捷药”状态
敏捷药效果：令目标的回避率提高25%
失明持续时间：30秒
敏捷药持续时间：60秒
该道具仅可在战斗地图中使用","失明を代償に自身またはモンスターを対象とし、「敏捷の薬」ステータスを追加する
敏捷ポーションの効果：対象の回避率25%アップ
失明時間: 30秒
敏捷性ポーションの持続時間: 60 秒
この小道具は戦闘マップでのみ使用できます"
"Pawprint","","","","以自身或魔兽为目标，以猛毒为代价，附加“耐力药”状态，恢复10%的体力
耐力药效果：令最大体力提高30%
猛毒持续时间：180秒
耐力药持续时间：永久，完成1次战斗后效果消失
该道具仅可在战斗地图中使用","自身またはモンスターを対象に、強力な毒を代償に「耐久薬」状態を付与し、体力を10％回復する。
エンデュランスポーション効果：最大体力30%増加
毒の持続時間: 180秒
エンデュランスポーションの持続時間：永続、1回の戦闘が完了すると効果は消える
この小道具は戦闘マップでのみ使用できます"
"Pawprint","","","","以自身或魔兽为目标，以眩晕为代价，附加“刚力药”状态
刚力药效果：令目标造成的物理伤害提高45%
眩晕持续时间：15秒
刚力药持续时间：30秒
该道具仅可在战斗地图中使用","めまいを犠牲にして自分自身またはモンスターをターゲットにし、「強さのポーション」ステータスを追加します
強化ポーションの効果：対象に与える物理ダメージを45%増加させる
気絶持続時間: 15秒
強化ポーションの持続時間: 30 秒
この小道具は戦闘マップでのみ使用できます"
"Pawprint","","","","以自身或魔兽为目标，以石化为代价，附加“特攻药”状态
特攻药效果：令目标的暴击发动率提高50%
石化持续时间：15秒
特攻药持续时间：30秒
追加效果：持有“银框眼镜”时，持续时间将变为60秒
该道具仅可在战斗地图中使用","石化と引き換えに自身またはモンスターを対象に「特攻薬」状態を付与
特殊攻撃ポーションの効果：対象のクリティカル率を50％増加させる
石化持続時間：15秒
特殊攻撃ポーション持続時間：30秒
追加効果：「銀縁メガネ」を持っている時、持続時間が60秒になる。
この小道具は戦闘マップでのみ使用できます"
"Pawprint","","","","以自身或魔兽为目标，增加100点技力
追加效果：持有“高昂戒指”时，技力增加量将变为250点
该道具仅可在战斗地图中使用","自分またはモンスターを対象にスキルを100ポイントアップ
追加効果：「ハイリング」保持時、スキル上昇量が250ポイントになる。
この小道具は戦闘マップでのみ使用できます"
"Pawprint","","","","以自身或魔兽为目标，将中毒耐性提高100%
持续时间：180秒
追加效果：持有深红缎带时，恢复目标最大体力的50%
该道具仅可在战斗地图中使用","自分またはモンスターを対象とし、毒耐性を100%増加させる
持続時間: 180秒
追加効果：真紅のリボンを保持している間、対象の最大体力の50％を回復する。
この小道具は戦闘マップでのみ使用できます"
"Pawprint","","","","以自身或魔兽为目标，将失明耐性提高100%
持续时间：180秒
追加效果：持有深红缎带时，恢复目标最大体力的50%
该道具仅可在战斗地图中使用","自分またはモンスターをターゲットにすると、失明耐性が 100% 増加します
持続時間: 180秒
追加効果：真紅のリボンを保持している間、対象の最大体力の50％を回復する。
この小道具は戦闘マップでのみ使用できます"
"Pawprint","","","","以自身或魔兽为目标，将睡眠耐性提高100%
持续时间：180秒
追加效果：持有深红缎带时，恢复目标最大体力的50%
该道具仅可在战斗地图中使用","自分またはモンスターを対象に睡眠耐性を100%増加
持続時間: 180秒
追加効果：真紅のリボンを保持している間、対象の最大体力の50％を回復する。
この小道具は戦闘マップでのみ使用できます"
"Pawprint","","","","以自身或魔兽为目标，将石化耐性提高100%
持续时间：180秒
追加效果：持有深红缎带时，恢复目标最大体力的50%
该道具仅可在战斗地图中使用","自分またはモンスターを対象に石化耐性を100%増加
持続時間: 180秒
追加効果：真紅のリボンを保持している間、対象の最大体力の50％を回復する。
この小道具は戦闘マップでのみ使用できます"
"Pawprint","","","","以自身或魔兽为目标，将麻痹耐性提高100%
持续时间：180秒
追加效果：持有深红缎带时，恢复目标最大体力的50%
该道具仅可在战斗地图中使用","自分またはモンスターを対象に麻痺耐性を100%アップ
持続時間: 180秒
追加効果：真紅のリボンを保持している間、対象の最大体力の50％を回復する。
この小道具は戦闘マップでのみ使用できます"
"Pawprint","","","","以自身或魔兽为目标，恢复10%的体力","自分またはモンスターを対象に自分の体力を10％回復する。"
"Pawprint","","","","以自身或魔兽为目标，恢复23%的体力","自分またはモンスターを対象に自身の体力を23%回復。"
"Pawprint","","","","以自身或魔兽为目标，恢复36%的体力","自分またはモンスターを対象に自身の体力を36%回復する。"
"Pawprint","","","","以自身或魔兽为目标，恢复50%的体力","自分またはモンスターを対象に自分の体力を50％回復する。"
"Pawprint","","","","以自身或魔兽为目标，解除除特定攻击之外其他所有中毒状态
治愈成功后，恢复目标最大体力的25%
该道具仅可在战斗地图中使用","自分自身またはモンスターをターゲットにし、特定の攻撃を除くすべての中毒状態を解除します。
治癒に成功すると、対象の最大体力の25%が回復する。
この小道具は戦闘マップでのみ使用できます"
"Pawprint","","","","以自身或魔兽为目标，解除除特定攻击之外其他所有失明状态
治愈成功后，恢复目标最大体力的25%
该道具仅可在战斗地图中使用","自分自身またはモンスターをターゲットにし、特定の攻撃を除くすべての失明状態を解除します。
治癒に成功すると、対象の最大体力の25%が回復する。
この小道具は戦闘マップでのみ使用できます"
"Pawprint","","","","以自身或魔兽为目标，附加5档“闪躲”状态
闪躲效果：除特定攻击之外其他所有物理攻击均无效化，无效化时消耗1档闪躲
持续时间：120秒
追加效果：“盗贼的药”状态中时，再附加3档闪躲
该道具仅可在战斗地图中使用","自分自身またはモンスターをターゲットにし、5段階の「回避」ステータスを追加します。
回避効果：特定の攻撃を除く全ての物理攻撃を無効化する。無効化すると回避力が1レベル消費されます。
持続時間: 120秒
追加効果：『盗賊の薬』状態の時、回避がさらに3段階追加される。
この小道具は戦闘マップでのみ使用できます"
"Pawprint","","","","以自身或魔兽为目标，附加“刚力药”状态
刚力药效果：令目标造成的物理伤害提高30%
持续时间：15秒
该道具仅可在战斗地图中使用","自分またはモンスターを対象にし、「強化ポーション」ステータスを追加します
強化ポーションの効果：対象に与える物理ダメージを30％増加させる
持続時間: 15秒
この小道具は戦闘マップでのみ使用できます"
"Pawprint","","","","以自身或魔兽为目标，附加“反射”状态
反射效果：反射除特定攻击之外的所有魔法攻击
持续时间：30秒
追加效果：持有“魔咒帽子”时，持续时间将变为60秒
该道具仅可在战斗地图中使用","自分またはモンスターを対象に「反射」状態を付与
反射効果：特定の攻撃を除く全ての魔法攻撃を反射する
持続時間: 30秒
追加効果：「魔法の帽子」をかざすと持続時間が60秒になる。
この小道具は戦闘マップでのみ使用できます"
"Pawprint","","","","以自身或魔兽为目标，附加“吸血攻击”状态
吸血攻击效果：恢复造成伤害10%的体力
持续时间：60秒
追加效果：持有“恶魔铠甲”时，持续时间将变为90秒
该道具仅可在战斗地图中使用","自分またはモンスターを対象に「吸血攻撃」状態を付与
吸血攻撃効果：与えたダメージの体力の10％を回復
持続時間: 60秒
追加効果：「デビルアーマー」保持時、持続時間が90秒になる。
この小道具は戦闘マップでのみ使用できます"
"Pawprint","","","","以自身或魔兽为目标，附加“敏捷药”状态
敏捷药效果：令目标的回避率提高25%
持续时间：30秒
该道具仅可在战斗地图中使用","自分またはモンスターを対象に「すばやさの薬」状態を付与
敏捷ポーションの効果：対象の回避率25%アップ
持続時間: 30秒
この小道具は戦闘マップでのみ使用できます"
"Pawprint","","","","以自身或魔兽为目标，附加“特攻药”状态
特攻药效果：令目标的暴击发动率提高30%
持续时间：30秒
追加效果：持有“银框眼镜”时，持续时间将变为60秒
该道具仅可在战斗地图中使用","自分またはモンスターを対象に「特攻薬」状態を付与
特殊攻撃ポーションの効果：対象のクリティカル率を30％増加させる
持続時間: 30秒
追加効果：「銀縁メガネ」を持っている時、持続時間が60秒になる。
この小道具は戦闘マップでのみ使用できます"
"Pawprint","","","","以自身或魔兽为目标，附加“硬肤药”状态
硬肤药效果：所受伤害减轻20%
持续时间：60秒
追加效果：持有“寒冰盾”时，持续时间将变为90秒
该道具仅可在战斗地图中使用","自分またはモンスターを対象に「ハードスキンポーション」状態を追加
ハードスキンポーションの効果：受けるダメージ20％軽減
持続時間: 60秒
追加効果：「アイスシールド」保持時、持続時間が90秒になる。
この小道具は戦闘マップでのみ使用できます"
"Pawprint","","","","以自身或魔兽为目标，附加“缩时药”状态
缩时药效果：自动攻击间隔、战技与魔法的咏唱及复唱时间缩短15%
持续时间：60秒
追加效果：持有“盗贼手套”时，持续时间将变为90秒
该道具仅可在战斗地图中使用","自分またはモンスターを対象に「時間短縮ポーション」ステータスを追加
時間短縮ポーションの効果：自動攻撃間隔、戦闘スキル、魔法の詠唱・再詠唱時間が15%短縮される
持続時間: 60秒
追加効果：「盗賊の手袋」を持っている時、持続時間が90秒になる。
この小道具は戦闘マップでのみ使用できます"
"Pawprint","","","","以自身或魔兽为目标，附加“耐力药”状态，恢复10%的体力
耐力药效果：令最大体力提高20%
持续时间：永久，完成1次战斗后效果消失
该道具仅可在战斗地图中使用","自分またはモンスターを対象に「耐久薬」状態を付与し、体力を10％回復。
エンデュランスポーション効果：最大体力20％増加
持続時間：永続、1戦闘終了で効果は消滅
この小道具は戦闘マップでのみ使用できます"
"Pawprint","","","","以自身或魔兽为目标，附加“魔力药”状态
魔力药效果：令目标造成的魔法伤害提高30%
持续时间：15秒
该道具仅可在战斗地图中使用","自分またはモンスターを対象に「魔法のポーション」状態を追加
魔法のポーション効果：対象に与える魔法ダメージが30％増加します。
持続時間: 15秒
この小道具は戦闘マップでのみ使用できます"
"Pawprint","","","","以魔兽为目标，解除除特定攻击之外其他所有石化状态
治愈成功后，恢复目标最大体力的50%，同时附加“石肤”状态
石肤效果：抵消相当于最大体力50%的伤害量
石肤持续时间：60秒
该道具仅可在战斗地图中使用","モンスターをターゲットにし、特定の攻撃を除くすべての石化状態を解除します。
治癒成功後、対象の体力が最大値の50％回復し、「ストーンスキン」状態が追加される。
ストーンスキン効果：最大体力の50%相当のダメージを相殺
ストーンスキン持続時間: 60秒
この小道具は戦闘マップでのみ使用できます"
"Pawprint","","","","优先级","優先度"
"Pawprint","","","","优先飞行","優先便"
"Pawprint","","","","位于副本内","コピー内で"
"Pawprint","","","","位置",""
"Pawprint","","","","低段第一盘","ローセクションの最初のセット"
"Pawprint","","","","低段第三盘","第3セットロー"
"Pawprint","","","","低段第二盘","ローセカンドセット"
"Pawprint","","","","低纯度兽核晶 0 · 高纯度兽核晶 0","低純度獣核結晶0・高純度獣核結晶0"
"Pawprint","","","","使用星体风暴，对目标及其周围18米以内的敌人造成火属性魔法伤害　威力：3000
追加效果：增加自身技力
技力增加量：每命中1名敌人增加50点
追加效果：令目标的火属性耐性降低20%
持续时间：60秒
该道具的伤害受到其他斗兽装备、道具或能力类技能的魔法伤害提高的影响
该道具仅可在战斗地图中使用","アストラルストームを使用して、ターゲットとその周囲18メートル以内の敵に火魔法ダメージを与えます。パワー: 3000
追加効果：自身のスキルアップ
スキル増加：敵に攻撃を当てるごとに50ポイント
追加効果：対象の火耐性を20％ダウン
持続時間: 60秒
このアイテムのダメージは他の闘獣装備やアイテム、アビリティスキルの魔法ダメージ増加の影響を受ける。
この小道具は戦闘マップでのみ使用できます"
"Pawprint","","","","使用食物","食べ物を使う"
"Pawprint","","","","停止",""
"Pawprint","","","","停止##arena",""
"Pawprint","","","","停止并保存斗兽记录","戦闘記録を停止して保存する"
"Pawprint","","","","入场编组","入学グループ"
"Pawprint","","","","入场编组 0/10","入学グループ 0/10"
"Pawprint","","","","入场编组 0/15","入学グループ 0/15"
"Pawprint","","","","入场顺序／补位顺序","エントリー注文/約定注文"
"Pawprint","","","","全局：累计 0 局 · 失败 0 局 · 最高 0 分","全体: 蓄積ラウンド数 0、失敗ラウンド数 0、最大 0 ポイント"
"Pawprint","","","","全程限制","旅行期間中は制限されます"
"Pawprint","","","","全部",""
"Pawprint","","","","全部启用","すべて有効にする"
"Pawprint","","","","全部禁用","すべて無効にする"
"Pawprint","","","","其他设置","その他の設定"
"Pawprint","","","","内置简单战斗","内蔵の簡単な戦闘"
"Pawprint","","","","减速+200%
造成物理伤害+50%
适于以下魔兽食用：
百兽纲 百虫纲 有翼纲 草木纲 水栖纲 甲鳞纲 死尸纲","減速+200%
物理ダメージ+50%
以下のモンスターに適しています。
クラス百科事典、クラス百科事典、翼虫類クラス、ハーブ類クラス、水生クラス、爪真菌類クラス、壊死動物クラス"
"Pawprint","","","","减速+200%
造成魔法伤害+50%
适于以下魔兽食用：
百兽纲 百虫纲 有翼纲 草木纲 水栖纲 甲鳞纲 死尸纲","減速+200%
与える魔法ダメージ+50%
以下のモンスターに適しています。
クラス百科事典、クラス百科事典、翼虫類クラス、ハーブ類クラス、水生クラス、爪真菌類クラス、壊死動物クラス"
"Pawprint","","","","凛冽洞天披雪大冰壁","冷たい洞窟の空は雪で覆われ、氷の壁は巨大です"
"Pawprint","","","","出售测试","販売用のテスト"
"Pawprint","","","","初始伙伴","最初のパートナー"
"Pawprint","","","","初始伙伴（图片备注，待图鉴确认）","初期パートナー（絵メモ、図鑑にて確認）"
"Pawprint","","","","删除预设","プリセットの削除"
"Pawprint","","","","刷新图鉴","リフレッシュ図鑑"
"Pawprint","","","","副本捕获（AutoDuty）","コピー キャプチャ (AutoDuty)"
"Pawprint","","","","加载时打开窗口","ロード中にウィンドウを開く"
"Pawprint","","","","加速+1%
特殊效果：寻宝时可以选择2个道具","スピードアップ +1%
特殊効果：宝探し時に小道具を2つ選択可能"
"Pawprint","","","","加速+15%
造成伤害+30%
特殊效果：每隔一段时间受到伤害
适于以下魔兽食用：
百兽纲 百虫纲 有翼纲 水栖纲 甲鳞纲","スピードアップ +15%
与ダメージ+30%
特殊効果：時々ダメージを受ける
以下のモンスターに適しています。
クラス百科事典、クラス百科事典、翼虫綱クラス、アクアティカクラス、爪真菌症クラス"
"Pawprint","","","","加速+15%
造成伤害+5%
最大体力+35%
特殊效果：将此食料喂给魔兽后，可以恢复20%的体力
适于以下魔兽食用：
草木纲","スピードアップ +15%
与ダメージ+5%
最大体力+35%
特殊効果：この餌をモンスターに与えると体力を20％回復する。
以下のモンスターに適しています。
ハーブ科"
"Pawprint","","","","加速+2%
造成物理伤害+3%","スピードアップ +2%
物理ダメージ+3%"
"Pawprint","","","","加速+20%
特殊效果：魔兽发动战技触发兽心协作技时，为自身附加1档“激昂”状态
激昂效果：造成伤害+15%、受到伤害-8%
激昂持续时间：60秒
最大档数：4档
适于以下魔兽食用：
咒具纲","スピードアップ +20%
特殊効果：ウォークラフトが戦闘スキルを発動してビーストハート連携スキルを発動すると、自身に「興奮」状態を付与する。
エキサイティング効果：与ダメージ+15%、被ダメージ-8%
情熱の持続時間: 60秒
最大ギア数: 4 ギア
以下のモンスターに適しています。
マントラの概要"
"Pawprint","","","","加速+5%
以太爆发威力+25%
适于以下魔兽食用：
百兽纲 百虫纲 有翼纲 水栖纲 甲鳞纲","スピードアップ +5%
エーテルバースト威力+25%
以下のモンスターに適しています。
クラス百科事典、クラス百科事典、翼虫綱クラス、アクアティカクラス、爪真菌症クラス"
"Pawprint","","","","加速+5%
暴击发动率+5%","スピードアップ +5%
クリティカル率+5%"
"Pawprint","","","","加速+5%
最大体力+50%
特殊效果：将此食料喂给魔兽后，可以恢复26%的体力
适于以下魔兽食用：
百兽纲 百虫纲 有翼纲 水栖纲 甲鳞纲","スピードアップ +5%
最大体力+50%
特殊効果：この餌をモンスターに与えると体力が26％回復する
以下のモンスターに適しています。
クラス百科事典、クラス百科事典、翼虫綱クラス、アクアティカクラス、爪真菌症クラス"
"Pawprint","","","","加速+5%
造成物理伤害+25%
适于以下魔兽食用：
百兽纲 百虫纲 有翼纲 水栖纲 甲鳞纲","スピードアップ +5%
物理ダメージ+25%
以下のモンスターに適しています。
クラス百科事典、クラス百科事典、翼虫綱クラス、アクアティカクラス、爪真菌症クラス"
"Pawprint","","","","加速+6%",""
"Pawprint","","","","区域 / 副本",""
"Pawprint","","","","单只捕获时自动练级","動物を1匹捕獲すると自動的にレベルアップ"
"Pawprint","","","","南萨纳兰","南サナランド"
"Pawprint","","","","受到伤害-10%
最大体力+5%","受けるダメージ -10%
最大体力+5%"
"Pawprint","","","","受到伤害-10%
最大体力+7%","受けるダメージ -10%
最大体力+7%"
"Pawprint","","","","受到伤害-10%
特殊效果：技力累积量提高30%
适于以下魔兽食用：
百兽纲 百虫纲 草木纲 水栖纲 死尸纲","受けるダメージ -10%
特殊効果：スキル蓄積量30％増加
以下のモンスターに適しています。
クラス百科事典 クラス クラス センテノラ クラス クラス草本科 クラス クラス水生クラス クラス 壊虫動物"
"Pawprint","","","","受到伤害-15%
最大体力+15%","受けるダメージ -15%
最大体力+15%"
"Pawprint","","","","受到伤害-15%
造成魔法伤害+20%
特殊效果：自身使用技能及奇弈道具的体力恢复效果提高30%","受けるダメージ -15%
与える魔法ダメージ+20%
特殊効果：自身が使用するスキルとQiyi小道具の体力回復効果が30％増加する。"
"Pawprint","","","","受到伤害-30%
减速+10%
特殊效果：30%几率使冰属性伤害无效并吸收","受けるダメージ -30%
減速 +10%
特殊効果：30%の確率で氷属性ダメージを無効化し吸収する"
"Pawprint","","","","受到伤害-30%
最大体力+30%
特殊效果：受到伤害时有3%的几率为自身附加“石化”状态
持续时间：30秒
特殊效果：将此食料喂给魔兽后，可以恢复18%的体力
适于以下魔兽食用：
百兽纲 百虫纲 有翼纲 草木纲 水栖纲 甲鳞纲 咒具纲 死尸纲","受けるダメージ -30%
最大体力+30%
特殊効果：ダメージを受けた時、3%の確率で自身に「石化」状態を付与。
持続時間: 30秒
特殊効果：この餌をモンスターに与えると体力が18％回復する
以下のモンスターに適しています。
クラスエンサイクロペディア、クラスセンテノーラ、クラス翼虫類、クラス草本科、クラスアクアティカ、クラスオ爪虫、クラスカース、クラスネクロゾア"
"Pawprint","","","","受到伤害-5%
造成物理伤害+5%
最大体力+5%","被ダメージ -5%
物理ダメージ+5%
最大体力+5%"
"Pawprint","","","","受到伤害-7%
中毒耐性+100%
特殊效果：受到伤害时有5%的几率为自身附加1档“体力持续恢复”状态
体力持续恢复效果：每隔一段时间恢复自身最大体力的3%
体力持续恢复持续时间：12秒
最大档数：8档","被ダメージ -7%
毒耐性+100%
特殊効果：ダメージを受けた時、5%の確率で自身に「スタミナ継続回復」レベルを付与。
継続体力回復効果：一定時間ごとに最大体力の3％回復
体力回復時間：12秒
最大ギア数: 8 ギア"
"Pawprint","","","","受到物理伤害-10%
暴击发动率+15%","受ける物理ダメージ -10%
クリティカル率+15%"
"Pawprint","","","","受到物理伤害-15%","受ける物理ダメージ -15%"
"Pawprint","","","","受到物理伤害-25%
以太爆发威力+10%
适于以下魔兽食用：
百兽纲 百虫纲 有翼纲 草木纲 水栖纲 甲鳞纲 死尸纲","受ける物理ダメージ -25%
エーテルバースト威力+10%
以下のモンスターに適しています。
クラス百科事典、クラス百科事典、翼虫類クラス、ハーブ類クラス、水生クラス、爪真菌類クラス、壊死動物クラス"
"Pawprint","","","","受到物理伤害-30%
造成伤害+10%
特殊效果：魔兽发动战技触发兽心协作技时，有30%的几率恢复一部分消耗的技力
适于以下魔兽食用：
咒具纲","受ける物理ダメージ -30%
ダメージ+10%
特殊効果：ウォークラフトがコンバットスキルを発動してビーストハート連携スキルを発動すると、30％の確率で消費したスキルの一部を回復する。
以下のモンスターに適しています。
マントラの概要"
"Pawprint","","","","受到物理伤害-40%
以太爆发威力+20%
适于以下魔兽食用：
甲鳞纲","受ける物理ダメージ -40%
エーテルバースト威力+20%
以下のモンスターに適しています。
爪真菌症"
"Pawprint","","","","受到物理伤害-9%
特殊效果：自身发动战技触发兽心协作技时，有10%的几率恢复一部分消耗的技力","被物理ダメージ -9%
特殊効果：戦闘スキルを発動してビーストハート連携スキルを発動すると、10％の確率で消費したスキルの一部を回復する。"
"Pawprint","","","","受到魔法伤害-10%","受ける魔法ダメージ -10%"
"Pawprint","","","","受到魔法伤害-10%
特殊效果：自身使用技能及奇弈道具的体力恢复效果提高15%
特殊效果：成功回避攻击时，为自身附加“双刃剑”状态
双刃剑效果：体力逐渐流失的同时造成伤害提高30%
双刃剑持续时间：21秒","受ける魔法ダメージ -10%
特殊効果：自身が使用するスキルとQiyi小道具の体力回復効果が15%増加する。
特殊効果：攻撃回避に成功すると「諸刃の剣」ステータスが付与される。
諸刃の剣効果：体力が徐々に減少するが、与えるダメージが30％増加する。
両刃の剣持続時間：21秒"
"Pawprint","","","","受到魔法伤害-15%
最大体力+5%
眩晕耐性+100%","受ける魔法ダメージ -15%
最大体力+5%
気絶耐性 +100%"
"Pawprint","","","","受到魔法伤害-30%
适于以下魔兽食用：
百兽纲 百虫纲 有翼纲 草木纲 水栖纲 甲鳞纲 死尸纲","受ける魔法ダメージ -30%
以下のモンスターに適しています。
クラス百科事典、クラス百科事典、翼虫類クラス、ハーブ類クラス、水生クラス、爪真菌類クラス、壊死動物クラス"
"Pawprint","","","","受到魔法伤害-40%
以太爆发威力+10%
最大体力+15%
特殊效果：将此食料喂给魔兽后，可以恢复10%的体力
适于以下魔兽食用：
百虫纲","受ける魔法ダメージ -40%
エーテルバースト威力+10%
最大体力+15%
特殊効果：この餌をモンスターに与えると体力が10％回復する
以下のモンスターに適しています。
クリソポディア"
"Pawprint","","","","只看未捕获","未捕獲のみを見る"
"Pawprint","","","","可以回避战斗
但对强敌和头目无效
战斗开始前可选择是否使用","戦闘を回避できる
ただし強敵やボスには無効
戦闘開始前に使用するかどうかを選択できます。"
"Pawprint","","","","名称",""
"Pawprint","","","","启用",""
"Pawprint","","","","商店",""
"Pawprint","","","","商店任务、角色或奇盘已变化","ストアのミッション、キャラクター、または変わり者が変更されました"
"Pawprint","","","","回避率+10%
以太爆发威力+5%
适于以下魔兽食用：
百兽纲 百虫纲 有翼纲 草木纲 水栖纲 死尸纲","回避率+10%
エーテルバースト威力+5%
以下のモンスターに適しています。
百科事典、センテノラ綱、翼虫綱、草本綱、アクアティカ綱、壊虫綱"
"Pawprint","","","","回避率+10%
最大体力-8%
特殊效果：暴击时有2%的几率为自身附加1档“体力持续恢复”状态
体力持续恢复效果：每隔一段时间恢复自身最大体力的3%
体力持续恢复持续时间：12秒
最大档数：8档","回避率+10%
最大体力 -8%
特殊効果：クリティカルヒット時、2%の確率で自身に「スタミナ継続回復」レベルを付与。
継続体力回復効果：一定時間ごとに最大体力の3％回復
体力回復時間：12秒
最大ギア数: 8 ギア"
"Pawprint","","","","回避率+10%
造成物理伤害+10%
适于以下魔兽食用：
百兽纲 百虫纲 有翼纲 草木纲 水栖纲 死尸纲","回避率+10%
物理ダメージ+10%
以下のモンスターに適しています。
百科事典、センテノラ綱、翼虫綱、草本綱、アクアティカ綱、壊虫綱"
"Pawprint","","","","回避率+15%
受到伤害-5%
适于以下魔兽食用：
百兽纲 百虫纲 有翼纲 草木纲 水栖纲 死尸纲","回避率+15%
被ダメージ -5%
以下のモンスターに適しています。
百科事典、センテノラ綱、翼虫綱、草本綱、アクアティカ綱、壊虫綱"
"Pawprint","","","","回避率+25%
特殊效果：成功回避攻击时，有15%的几率为自身附加“石肤”状态
石肤效果：抵消相当于最大体力12%的伤害量
石肤持续时间：60秒
适于以下魔兽食用：
咒具纲","回避率+25%
特殊効果：攻撃回避成功時、15%の確率で自身に「ストーンスキン」状態を付与する。
ストーンスキン効果：最大体力の12%相当のダメージを相殺
ストーンスキン持続時間: 60秒
以下のモンスターに適しています。
マントラの概要"
"Pawprint","","","","回避率+5%
特殊效果：成功回避攻击时，为自身附加1档“激昂”状态
激昂效果：造成伤害+15%、受到伤害-8%
激昂持续时间：60秒
最大档数：4档
适于以下魔兽食用：
百兽纲 百虫纲 有翼纲 草木纲 水栖纲 死尸纲","回避率+5%
特殊効果：攻撃回避成功時、自身に「興奮」状態を1段階追加する。
エキサイティング効果：与ダメージ+15%、被ダメージ-8%
情熱の持続時間: 60秒
最大ギア数: 4 ギア
以下のモンスターに適しています。
百科事典、センテノラ綱、翼虫綱、草本綱、アクアティカ綱、壊虫綱"
"Pawprint","","","","回避率+8%
移动速度+50%
特殊效果：自身使用技能及奇弈道具的体力恢复效果提高15%","回避率+8%
移動速度 +50%
特殊効果：自身が使用するスキルとQiyi小道具の体力回復効果が15%増加する。"
"Pawprint","","","","图鉴诊断已导出：C:\Users\anoth\AppData\Roaming\XIVLauncher\pluginConfigs\Pawprint\diagnostics\xbm-notebook-20260920-133725-777.json","イラスト診断がエクスポートされました: C:\Users\anoth\AppData\Roaming\XIVLauncher\pluginConfigs\Pawprint\diagnostics\xbm-notebook-20260920-133725-777.json"
"Pawprint","","","","图鉴诊断已导出：C:\Users\anoth\AppData\Roaming\XIVLauncher\pluginConfigs\Pawprint\diagnostics\xbm-notebook-20260920-133727-608.json","イラスト診断がエクスポートされました: C:\Users\anoth\AppData\Roaming\XIVLauncher\pluginConfigs\Pawprint\diagnostics\xbm-notebook-20260920-133727-608.json"
"Pawprint","","","","复制为新预设","新しいプリセットとしてコピー"
"Pawprint","","","","多人本 · 不支持","マルチプレイヤー · サポートされていません"
"Pawprint","","","","失明耐性+100%
受到伤害-10%
适于以下魔兽食用：
百兽纲 百虫纲 有翼纲 草木纲 水栖纲 甲鳞纲 咒具纲 死尸纲","失明耐性+100%
受けるダメージ -10%
以下のモンスターに適しています。
クラスエンサイクロペディア、クラスセンテノーラ、クラス翼虫類、クラス草本科、クラスアクアティカ、クラスオ爪虫、クラスカース、クラスネクロゾア"
"Pawprint","","","","宝箱",""
"Pawprint","","","","对目标及其周围12米以内的敌人发动冰属性远程范围魔法攻击
威力：2000
追加效果：冻结
冻结持续时间：20秒
该道具的伤害受到其他斗兽装备、道具或能力类技能的魔法伤害提高的影响
该道具仅可在战斗地图中使用","ターゲットとその周囲12メートル以内の敵に氷ベースの遠距離魔法攻撃を開始します。
パワー: 2000
追加効果：フリーズ
フリーズ持続時間: 20秒
このアイテムのダメージは他の闘獣装備やアイテム、アビリティスキルの魔法ダメージ増加の影響を受ける。
この小道具は戦闘マップでのみ使用できます"
"Pawprint","","","","对目标及其周围12米以内的敌人发动土属性远程范围魔法攻击
威力：2000
追加效果：加重
加重持续时间：60秒
该道具的伤害受到其他斗兽装备、道具或能力类技能的魔法伤害提高的影响
该道具仅可在战斗地图中使用","対象とその周囲12m以内の敵に土属性の遠距離魔法攻撃を行う。
パワー: 2000
追加効果：悪化
悪化持続時間: 60秒
このアイテムのダメージは他の闘獣装備やアイテム、アビリティスキルの魔法ダメージ増加の影響を受ける。
この小道具は戦闘マップでのみ使用できます"
"Pawprint","","","","对目标及其周围12米以内的敌人发动水属性远程范围魔法攻击
威力：2000
追加效果：打消目标身上的一种强化状态
成功打消状态时增加100点技力
该道具的伤害受到其他斗兽装备、道具或能力类技能的魔法伤害提高的影响
该道具仅可在战斗地图中使用","ターゲットとその周囲12メートル以内の敵に水系の遠距離魔法攻撃を放つ。
パワー: 2000
追加効果：対象の強化状態を解除
ステータス解除に成功するとスキルポイントが100加算されます。
このアイテムのダメージは他の闘獣装備やアイテム、アビリティスキルの魔法ダメージ増加の影響を受ける。
この小道具は戦闘マップでのみ使用できます"
"Pawprint","","","","对目标及其周围12米以内的敌人发动火属性远程范围魔法攻击
威力：2500
追加效果：目标处于冻结状态时造成额外伤害
威力：1000
该道具的伤害受到其他斗兽装备、道具或能力类技能的魔法伤害提高的影响
该道具仅可在战斗地图中使用","対象とその周囲12m以内の敵に火属性の遠距離魔法攻撃を行う。
パワー: 2500
追加効果：対象が凍結している場合に追加ダメージを与える
パワー: 1000
このアイテムのダメージは他の闘獣装備やアイテム、アビリティスキルの魔法ダメージ増加の影響を受ける。
この小道具は戦闘マップでのみ使用できます"
"Pawprint","","","","对目标及其周围12米以内的敌人发动雷属性远程范围魔法攻击
威力：2000
追加效果：麻痹
麻痹持续时间：30秒
该道具的伤害受到其他斗兽装备、道具或能力类技能的魔法伤害提高的影响
该道具仅可在战斗地图中使用","対象とその周囲12m以内の敵に雷属性の遠距離魔法攻撃を与える。
パワー: 2000
追加効果：麻痺
麻痺持続時間：30秒
このアイテムのダメージは他の闘獣装備やアイテム、アビリティスキルの魔法ダメージ増加の影響を受ける。
この小道具は戦闘マップでのみ使用できます"
"Pawprint","","","","对目标及其周围12米以内的敌人发动风属性远程范围魔法攻击
威力：1500～3300
自身的最大体力越多威力越大
该道具仅可在战斗地图中使用","対象とその周囲12m以内の敵に風属性の遠距離魔法攻撃を行う。
パワー：1500～3300
最大体力が大きいほど、パワーも大きくなります。
この小道具は戦闘マップでのみ使用できます"
"Pawprint","","","","对目标及其周围12米以内的敌人发动风属性远程范围魔法攻击
威力：2000
追加效果：将目标击退15米
该道具的伤害受到其他斗兽装备、道具或能力类技能的魔法伤害提高的影响
该道具仅可在战斗地图中使用","対象とその周囲12m以内の敵に風属性の遠距離魔法攻撃を行う。
パワー: 2000
追加効果：ターゲットを15メートル後方に吹き飛ばす
このアイテムのダメージは他の闘獣装備やアイテム、アビリティスキルの魔法ダメージ増加の影響を受ける。
この小道具は戦闘マップでのみ使用できます"
"Pawprint","","","","导入为新预设","新しいプリセットとしてインポート"
"Pawprint","","","","导出图鉴诊断","エクスポート図診断"
"Pawprint","","","","导出并复制","エクスポートとコピー"
"Pawprint","","","","导出捕获诊断","キャプチャ診断のエクスポート"
"Pawprint","","","","封锁坑道铜铃铜山","封鎖トンネル銅陵通山"
"Pawprint","","","","将自身及周围队员的中毒耐性提高100%
持续时间：300秒
追加效果：持有深红缎带时，恢复目标最大体力的50%
该道具仅可在战斗地图中使用","自分と周囲のチームメンバーの毒耐性100%アップ
持続時間: 300秒
追加効果：真紅のリボンを保持している間、対象の最大体力の50％を回復する。
この小道具は戦闘マップでのみ使用できます"
"Pawprint","","","","将自身及周围队员的失明耐性提高100%
持续时间：300秒
追加效果：持有深红缎带时，恢复目标最大体力的50%
该道具仅可在战斗地图中使用","自分と周囲のチームメイトの失明耐性100%アップ
持続時間: 300秒
追加効果：真紅のリボンを保持している間、対象の最大体力の50％を回復する。
この小道具は戦闘マップでのみ使用できます"
"Pawprint","","","","将自身及周围队员的睡眠耐性提高100%
持续时间：300秒
追加效果：持有深红缎带时，恢复目标最大体力的50%
该道具仅可在战斗地图中使用","自分と周囲のチームメイトの睡眠耐性100%アップ
持続時間: 300秒
追加効果：真紅のリボンを保持している間、対象の最大体力の50％を回復する。
この小道具は戦闘マップでのみ使用できます"
"Pawprint","","","","将自身及周围队员的石化耐性提高100%
持续时间：300秒
追加效果：持有深红缎带时，恢复目标最大体力的50%
该道具仅可在战斗地图中使用","自分と周囲の仲間の石化耐性100%アップ
持続時間: 300秒
追加効果：真紅のリボンを保持している間、対象の最大体力の50％を回復する。
この小道具は戦闘マップでのみ使用できます"
"Pawprint","","","","将自身及周围队员的麻痹耐性提高100%
持续时间：300秒
追加效果：持有深红缎带时，恢复目标最大体力的50%
该道具仅可在战斗地图中使用","自分と周囲の仲間の麻痺耐性100%アップ
持続時間: 300秒
追加効果：真紅のリボンを保持している間、対象の最大体力の50％を回復する。
この小道具は戦闘マップでのみ使用できます"
"Pawprint","","","","尚未记录斗兽流程","獣と戦う過程はまだ記録されていない"
"Pawprint","","","","就绪",""
"Pawprint","","","","已安装但未加载；请在插件安装器中启用","インストールされていますがロードされていません。プラグインインストーラーで有効にしてください"
"Pawprint","","","","已捕获 0 / 未捕获 0 / 未知 50","捕獲 0 / 未捕獲 0 / 不明 50"
"Pawprint","","","","已解锁魔兽","ウォークラフトのロックが解除されました"
"Pawprint","","","","巴哈姆特大迷宫 入侵之章1","神撃のバハムート 大迷宮襲来 第一章"
"Pawprint","","","","库存目标（0 不限制）","在庫目標 (0 制限なし)"
"Pawprint","","","","开怪方式","モンスターの開き方"
"Pawprint","","","","怪物 ID 查询","モンスターIDクエリ"
"Pawprint","","","","恢复自身及周围队员10%的体力","自分と周囲のチームメンバーの体力を10%回復"
"Pawprint","","","","恢复自身及周围队员25%的体力","自分と周囲のチームメンバーの体力を25%回復"
"Pawprint","","","","恢复自身及周围队员40%的体力","自分と周囲のチームメンバーの体力を40％回復"
"Pawprint","","","","恢复默认",""
"Pawprint","","","","恢复默认预设","デフォルトのプリセットを復元する"
"Pawprint","","","","战利品掉落率+40%
回避率+2%","戦利品ドロップ率 +40%
回避率+2%"
"Pawprint","","","","战利品掉落率+70%
加速+2%","戦利品ドロップ率+70%
スピードアップ +2%"
"Pawprint","","","","战利品掉落率+80%
受到伤害-8%
最大体力+18%","戦利品ドロップ率 +80%
被ダメージ -8%
最大体力+18%"
"Pawprint","","","","战斗","ファインティング"
"Pawprint","","","","战斗内补血","戦闘中に血液を補給する"
"Pawprint","","","","战斗外补血","戦闘以外でも血液を補充する"
"Pawprint","","","","战斗插件","戦闘プラグイン"
"Pawprint","","","","战斗结束","戦いは終わった"
"Pawprint","","","","手动操作","手動操作"
"Pawprint","","","","打开 Omni Discord","オープンオムニ Discord"
"Pawprint","","","","打开图鉴","図鑑を開いて"
"Pawprint","","","","打开插件安装器","プラグインインストーラーを開く"
"Pawprint","","","","打开设置",""
"Pawprint","","","","技能效果及识破/捕获消息 ID 监听已就绪","スキル効果や検出・捕捉メッセージID監視も可能"
"Pawprint","","","","拉诺西亚低地","ラノシア低地"
"Pawprint","","","","拉诺西亚外地","ラノシアフィールド"
"Pawprint","","","","捕猎","ハント"
"Pawprint","","","","捕获选中","キャプチャの選択"
"Pawprint","","","","排名","ランキング"
"Pawprint","","","","插件状态","プラグインのステータス"
"Pawprint","","","","插件配置","プラグインの設定"
"Pawprint","","","","摩杜纳","モドゥナ"
"Pawprint","","","","收录","含まれています"
"Pawprint","","","","效果","効果"
"Pawprint","","","","斗兽奇弈","猛獣格闘ゲーム"
"Pawprint","","","","斗兽奇弈需要 Omni Verification","Beast Fighter にはオムニ認証が必要です"
"Pawprint","","","","斗兽币获得量+25%
受到物理伤害-10%","闘獣コイン獲得量+25%
受ける物理ダメージ -10%"
"Pawprint","","","","斗兽币获得量+25%
回避率+4%
最大体力+12%","闘獣コイン獲得量+25%
回避率+4%
最大体力+12%"
"Pawprint","","","","斗兽币获得量+25%
暴击发动率-10%
造成伤害+5%","闘獣コイン獲得量+25%
クリティカル率-10%
与ダメージ+5%"
"Pawprint","","","","显示已保存的图鉴记录","保存した絵本の記録を表示する"
"Pawprint","","","","暂停",""
"Pawprint","","","","暂停##arena",""
"Pawprint","","","","暴击发动率+15%
失明耐性+100%","クリティカル率+15%
失明耐性+100%"
"Pawprint","","","","暴击发动率+15%
最大体力+2%","クリティカル率+15%
最大体力+2%"
"Pawprint","","","","暴击发动率+25%
以太爆发威力+20%
适于以下魔兽食用：
百兽纲 百虫纲 有翼纲 草木纲 水栖纲 甲鳞纲 死尸纲","クリティカル率+25%
エーテルバースト威力+20%
以下のモンスターに適しています。
クラス百科事典、クラス百科事典、翼虫類クラス、ハーブ類クラス、水生クラス、爪真菌類クラス、壊死動物クラス"
"Pawprint","","","","暴击发动率+25%
特殊效果：暴击时为自身附加1档“伤害提高”状态
伤害提高效果：造成伤害提高10%
伤害提高持续时间：60秒
最大档数：5档
适于以下魔兽食用：
咒具纲","クリティカル率+25%
特殊効果：クリティカル発生時、自身に「ダメージ増加」状態を1段階追加する。
ダメージ増加効果：ダメージ10%増加
ダメージ増加時間：60秒
最大ギア数: 5 ギア
以下のモンスターに適しています。
マントラの概要"
"Pawprint","","","","暴击发动率+35%
受到魔法伤害-30%
最大体力+10%
特殊效果：将此食料喂给魔兽后，可以恢复7%的体力
适于以下魔兽食用：
咒具纲","クリティカル率+35%
受ける魔法ダメージ -30%
最大体力+10%
特殊効果：この餌をモンスターに与えると体力が7％回復する
以下のモンスターに適しています。
マントラの概要"
"Pawprint","","","","暴击发动率+35%
造成物理伤害+15%
适于以下魔兽食用：
百兽纲 百虫纲 有翼纲 草木纲 水栖纲 甲鳞纲 死尸纲","クリティカル率+35%
物理ダメージ+15%
以下のモンスターに適しています。
クラス百科事典、クラス百科事典、翼虫類クラス、ハーブ類クラス、水生クラス、爪真菌類クラス、壊死動物クラス"
"Pawprint","","","","暴击发动率+50%
造成伤害+35%
特殊效果：每隔一段时间受到伤害
适于以下魔兽食用：
百虫纲","クリティカル率+50%
与えるダメージ +35%
特殊効果：時々ダメージを受ける
以下のモンスターに適しています。
クリソポディア"
"Pawprint","","","","暴击发动率+8%
特殊效果：暴击时有25%的几率为自身附加1档“伤害提高”状态
伤害提高效果：造成伤害提高3%
伤害提高持续时间：30秒
最大档数：8档","クリティカル率+8%
特殊効果：クリティカルヒット時、25%の確率で自身に「ダメージ増加」状態を1段階追加する。
ダメージ増加効果：ダメージ3%増加
ダメージ増加時間：30秒
最大ギア数: 8 ギア"
"Pawprint","","","","暴击攻击力+35
造成伤害+3%
最大体力+7%","クリティカル攻撃力+35
与ダメージ+3%
最大体力+7%"
"Pawprint","","","","暴击攻击力+60
以太爆发威力+10%
适于以下魔兽食用：
百兽纲 百虫纲 有翼纲 草木纲 水栖纲 甲鳞纲 死尸纲","クリティカル攻撃力+60
エーテルバースト威力+10%
以下のモンスターに適しています。
クラス百科事典、クラス百科事典、翼虫類クラス、ハーブ類クラス、水生クラス、爪真菌類クラス、壊死動物クラス"
"Pawprint","","","","最大体力+10%
受到伤害-5%
死亡宣告耐性+100%","最大体力+10%
被ダメージ -5%
死亡予告耐性+100%"
"Pawprint","","","","最大体力+12%
特殊效果：自身发动战技触发兽心协作技时，有25%的几率恢复一部分消耗的技力","最大体力+12%
特殊効果：コンバットスキルを発動してビーストハート連携スキルを発動すると、25％の確率で消費したスキルの一部を回復する。"
"Pawprint","","","","最大体力+15%
造成伤害+5%
特殊效果：斗兽奇弈结束时，魔兽获得的经验值增加25%
特殊效果：将此食料喂给魔兽后，可以恢复10%的体力
适于以下魔兽食用：
百兽纲 百虫纲 有翼纲 草木纲 水栖纲 甲鳞纲 咒具纲 死尸纲","最大体力+15%
与ダメージ+5%
特殊効果: ゲーム終了時、Warcraft が獲得できる経験値が 25% 増加します。
特殊効果：この餌をモンスターに与えると体力が10％回復する
以下のモンスターに適しています。
クラスエンサイクロペディア、クラスセンテノーラ、クラス翼虫類、クラス草本科、クラスアクアティカ、クラスオ爪虫、クラスカース、クラスネクロゾア"
"Pawprint","","","","最大体力+17%
回避率+8%
特殊效果：成功回避攻击时，为自身附加1档“加速”状态
加速效果：自动攻击间隔、战技与魔法的咏唱及复唱时间缩短2%
加速持续时间：60秒
最大档数：5档","最大体力+17%
回避率+8%
特殊効果：攻撃回避成功時、自身に「加速」状態を1段階追加する。
加速効果：自動攻撃間隔、戦闘スキル、魔法の詠唱・再詠唱時間が2%短縮
加速持続時間：60秒
最大ギア数: 5 ギア"
"Pawprint","","","","最大体力+20%",""
"Pawprint","","","","最大体力+20%
暴击发动率+15%
特殊效果：暴击时有5%的几率为自身附加1档“体力持续恢复”状态
体力持续恢复效果：每隔一段时间恢复自身最大体力的3%
体力持续恢复持续时间：6秒
最大档数：8档
特殊效果：将此食料喂给魔兽后，可以恢复13%的体力
适于以下魔兽食用：
水栖纲","最大体力+20%
クリティカル率+15%
特殊効果：クリティカルヒット時、5%の確率で自身に「スタミナ継続回復」レベルを付与。
継続体力回復効果：一定時間ごとに最大体力の3％回復
体力回復時間：6秒
最大ギア数: 8 ギア
特殊効果：この餌をモンスターに与えると体力が13％回復する
以下のモンスターに適しています。
アクアティカ"
"Pawprint","","","","最大体力+3%
特殊效果：技力累积量提高25%","最大体力+3%
特殊効果：スキル蓄積量25％増加"
"Pawprint","","","","最大体力+30%
加速+15%
特殊效果：魔兽发动战技触发兽心协作技时，有30%的几率恢复一部分消耗的技力
特殊效果：将此食料喂给魔兽后，可以恢复18%的体力
适于以下魔兽食用：
百虫纲","最大体力+30%
スピードアップ +15%
特殊効果：ウォークラフトがコンバットスキルを発動してビーストハート連携スキルを発動すると、30％の確率で消費したスキルの一部を回復する。
特殊効果：この餌をモンスターに与えると体力が18％回復する
以下のモンスターに適しています。
クリソポディア"
"Pawprint","","","","最大体力+30%
特殊效果：受到伤害时为自身附加1档“受到魔法伤害减轻”状态
受到魔法伤害减轻效果：受到的魔法伤害减轻5%
受到魔法伤害减轻持续时间：60秒
最大档数：8档
特殊效果：将此食料喂给魔兽后，可以恢复18%的体力
适于以下魔兽食用：
咒具纲","最大体力+30%
特殊効果：ダメージを受けた時、自身に「魔法ダメージ軽減」状態を1段階追加する。
魔法ダメージ軽減効果：受ける魔法ダメージ5％軽減
魔法ダメージ軽減時間：60秒
最大ギア数: 8 ギア
特殊効果：この餌をモンスターに与えると体力が18％回復する
以下のモンスターに適しています。
マントラの概要"
"Pawprint","","","","最大体力+30%
特殊效果：在帐篷休息时可以使体力完全恢复
特殊效果：将此食料喂给魔兽后，可以恢复18%的体力
适于以下魔兽食用：
百兽纲 百虫纲 有翼纲 草木纲 水栖纲 甲鳞纲","最大体力+30%
特殊効果：テント内で休憩すると体力が全回復する。
特殊効果：この餌をモンスターに与えると体力が18％回復する
以下のモンスターに適しています。
百科事典、センテノーラ綱、翼虫綱、草本綱、アクアティカ綱、爪真菌症綱"
"Pawprint","","","","最大体力+30%
造成伤害+10%
特殊效果：斗兽奇弈结束时，魔兽获得的经验值增加50%
特殊效果：将此食料喂给魔兽后，可以恢复18%的体力
适于以下魔兽食用：
百兽纲 百虫纲 有翼纲 草木纲 水栖纲 甲鳞纲 咒具纲 死尸纲","最大体力+30%
ダメージ+10%
特殊効果: ゲーム終了時、Warcraft が獲得できる経験値が 50% 増加します。
特殊効果：この餌をモンスターに与えると体力が18％回復する
以下のモンスターに適しています。
クラスエンサイクロペディア、クラスセンテノーラ、クラス翼虫類、クラス草本科、クラスアクアティカ、クラスオ爪虫、クラスカース、クラスネクロゾア"
"Pawprint","","","","最大体力+30%
造成伤害+15%
特殊效果：对敌人造成致命一击时，为自身附加1档“体力持续恢复”状态
体力持续恢复效果：每隔一段时间恢复自身最大体力的3%
体力持续恢复持续时间：6秒
最大档数：8档
特殊效果：将此食料喂给魔兽后，可以恢复18%的体力
适于以下魔兽食用：
水栖纲","最大体力+30%
与えるダメージ +15%
特殊効果：敵に致命傷を与えた時、自身に「スタミナ継続回復」を1段階追加する。
継続体力回復効果：一定時間ごとに最大体力の3％回復
体力回復時間：6秒
最大ギア数: 8 ギア
特殊効果：この餌をモンスターに与えると体力が18％回復する
以下のモンスターに適しています。
アクアティカ"
"Pawprint","","","","最大体力+30%
造成伤害+18%
特殊效果：自身发动战技触发兽心协作技时，为自身附加“卓异”状态
卓异效果：除特定攻击之外其他所有攻击均无效化，且造成伤害提高10%
卓异持续时间：9秒","最大体力+30%
与えるダメージ +18%
特殊効果：戦闘スキルを発動してビーストハート連携スキルを発動するとステータス「優秀」が付与される。
優れた効果：特定の攻撃を除く全ての攻撃を無効化し、与えるダメージが10％増加する。
例外的な持続時間: 9 秒"
"Pawprint","","","","最大体力+5%
特殊效果：技力累积量提高5%
特殊效果：对敌人造成致命一击时，为自身附加1档“激昂”状态
激昂效果：造成伤害+10%、受到伤害-5%
激昂持续时间：180秒
最大档数：4档","最大体力+5%
特殊効果：スキル蓄積量5％増加
特殊効果：敵に致命傷を与えた時、自身に『興奮』状態を1付与する。
エキサイティング効果：与ダメージ+10%、被ダメージ-5%
情熱の持続時間: 180秒
最大ギア数: 4 ギア"
"Pawprint","","","","最大体力+50%
受到伤害-20%
特殊效果：受到伤害时有50%的几率为自身附加1档“加速”状态
加速效果：自动攻击间隔、战技与魔法的咏唱及复唱时间缩短3%
加速持续时间：60秒
最大档数：5档
特殊效果：将此食料喂给魔兽后，可以恢复26%的体力
适于以下魔兽食用：
草木纲","最大体力+50%
受けるダメージ -20%
特殊効果：ダメージを受けた時、50％の確率で自身に『加速』状態を1段階付与する。
加速効果：自動攻撃間隔、戦闘スキル、魔法詠唱・再詠唱時間3%短縮
加速持続時間：60秒
最大ギア数: 5 ギア
特殊効果：この餌をモンスターに与えると体力が26％回復する
以下のモンスターに適しています。
ハーブ科"
"Pawprint","","","","最大体力+6%
回避率+8%
睡眠耐性+100%",""
"Pawprint","","","","有効###启用",""
"Pawprint","","","","未知",""
"Pawprint","","","","未选中魔物","モンスターが選択されていません"
"Pawprint","","","","查图鉴名称","図鑑の名前を確認する"
"Pawprint","","","","查询","クエリ"
"Pawprint","","","","格挡性能+100%
受到物理伤害-5%
最大体力+2%","ブロッキング性能+100%
受ける物理ダメージ -5%
最大体力+2%"
"Pawprint","","","","格挡性能+125%
受到伤害-25%
最大体力+35%","ブロッキング性能 +125%
受けるダメージ -25%
最大体力+35%"
"Pawprint","","","","格挡性能+30%
回避率+10%","ブロッキング性能 +30%
回避率+10%"
"Pawprint","","","","格挡性能+50%
特殊效果：30%几率使水属性伤害无效并吸收
特殊效果：盾格挡时有10%的几率为自身附加“反射”状态
反射效果：反射除特定攻击之外的所有魔法攻击
持续时间：60秒","ブロッキング性能 +50%
特殊効果：30％の確率で水属性ダメージを無効化＆吸収
特殊効果：盾で防御した時、10%の確率で自身に「反射」状態を付与。
反射効果：特定の攻撃を除く全ての魔法攻撃を反射する
持続時間: 60秒"
"Pawprint","","","","格挡性能+50%
造成伤害+3%
特殊效果：30%几率使火属性伤害无效并吸收","ブロッキング性能 +50%
与ダメージ+3%
特殊効果：30%の確率で火属性ダメージを無効化し吸収する"
"Pawprint","","","","格挡性能+75%
受到魔法伤害-10%","ブロッキング性能 +75%
受ける魔法ダメージ -10%"
"Pawprint","","","","次数 (1–999)","回 (1 ～ 999)"
"Pawprint","","","","正在记录斗兽流程","獣と戦う過程を記録する"
"Pawprint","","","","正在记录斗兽流程 · 0 个界面 · 第 1 卷","獣と戦う過程を記録・0インターフェース・第1巻"
"Pawprint","","","","死亡后自动重开","死亡後に自動的に再起動する"
"Pawprint","","","","水晶塔 古代人迷宫","クリスタルタワー古代人の迷宮"
"Pawprint","","","","流沙迷宫樵鸣洞","流砂迷路喬明洞"
"Pawprint","","","","海德拉讨伐战","ヒドラ十字軍"
"Pawprint","","","","游戏名称","ゲーム名"
"Pawprint","","","","物品",""
"Pawprint","","","","特殊效果：30%几率使土属性伤害无效并吸收
特殊效果：盾格挡时有10%的几率为自身附加“石肤”状态
石肤效果：抵消相当于最大体力15%的伤害量
石肤持续时间：60秒","特殊効果：30%の確率で土ダメージを無効化し吸収
特殊効果：シールドで防御した際、10%の確率で自身に「ストーンスキン」状態を付与する。
ストーンスキン効果：最大体力の15%相当のダメージを相殺
ストーンスキン持続時間: 60秒"
"Pawprint","","","","特殊效果：30%几率使雷属性伤害无效并吸收
特殊效果：暴击时有5%的几率为自身附加1档“激昂”状态
激昂效果：造成伤害+10%、受到伤害-5%
激昂持续时间：180秒
最大档数：4档","特殊効果：30%の確率で雷属性ダメージを無効化し吸収
特殊効果：クリティカルヒット時、5%の確率で自身の「興奮」状態を1段階追加する。
エキサイティング効果：与ダメージ+10%、被ダメージ-5%
情熱の持続時間: 180秒
最大ギア数: 4 ギア"
"Pawprint","","","","特殊效果：30%几率使风属性伤害无效并吸收
特殊效果：盾格挡时有50%的几率为自身附加1档“闪躲”状态
闪躲效果：除特定攻击之外其他所有物理攻击均无效化，无效化时消耗1档闪躲
闪躲持续时间：120秒","特殊効果：30%の確率で風ダメージを無効化し吸収する
特殊効果：盾で防御した時、50%の確率で自身に『回避』状態を1段階付与する。
回避効果：特定の攻撃を除く全ての物理攻撃を無効化する。無効化すると回避力が1レベル消費されます。
回避時間: 120秒"
"Pawprint","","","","特殊效果：受到伤害时有20%的几率为自身附加1档“闪躲”状态
闪躲效果：除特定攻击之外其他所有物理攻击均无效化，无效化时消耗1档闪躲
闪躲持续时间：120秒","特殊効果：ダメージを受けた時、20％の確率で自身に『回避』状態を1段階付与する。
回避効果：特定の攻撃を除く全ての物理攻撃を無効化する。無効化すると回避力が1レベル消費されます。
回避時間: 120秒"
"Pawprint","","","","特殊效果：受到物理伤害时反击，对对方造成打击属性物理伤害，反击伤害受到其他食料或奇弈道具的物理伤害提高、魔兽力量的影响
反击伤害威力：350
适于以下魔兽食用：
百兽纲 百虫纲 有翼纲 甲鳞纲 死尸纲","特殊効果：物理ダメージを受けると反撃し、相手に打撃物理ダメージを与える。反撃のダメージは、他の食べ物やファンタジーの小道具による物理ダメージの増加、およびウォークラフトの力の影響を受けます。
反撃ダメージ力：350
以下のモンスターに適しています。
百科事典、百科事典、翼動物、爪真菌症、壊死動物"
"Pawprint","","","","特殊效果：受到物理伤害时反击，对对方造成无属性魔法伤害，反击伤害受到其他斗兽装备、道具或能力类技能的魔法伤害提高的影响
反击伤害威力：360","特殊効果：物理ダメージを受けた際に反撃し、相手に無属性魔法ダメージを与える。反撃ダメージは他の闘獣装備、小道具、アビリティスキルの魔法ダメージ増加の影響を受ける。
反撃ダメージ力：360"
"Pawprint","","","","特殊效果：受到魔法伤害时反击，对对方造成无属性魔法伤害，反击伤害受到其他食料或奇弈道具的魔法伤害提高、魔兽智力的影响
反击伤害威力：350
适于以下魔兽食用：
草木纲 水栖纲","特殊効果：魔法ダメージを受けた時に反撃し、相手に無属性魔法ダメージを与える。反撃ダメージは、他の食べ物やファンタジーの小道具による魔法ダメージの増加、およびモンスターの知力の影響を受けます。
反撃ダメージ力：350
以下のモンスターに適しています。
植物クラス 水生クラス"
"Pawprint","","","","特殊效果：在帐篷休息时随机获得1个魔兽恢复药","特殊効果: テントで休んでいるとランダムにウォークラフト回復ポーションを1つ入手します。"
"Pawprint","","","","特殊效果：在战斗中被驯兽师召唤时，或者开始战斗时，魔兽的技力增加100点
适于以下魔兽食用：
有翼纲","特殊効果：バトル中にトレーナーが召喚した時、またはバトル開始時にモンスターのスキルが100ポイントアップする。
以下のモンスターに適しています。
翼のあるクラス"
"Pawprint","","","","特殊效果：对敌人造成致命一击时，为自身附加1档“激昂”状态
激昂效果：造成伤害+15%、受到伤害-8%
激昂持续时间：60秒
最大档数：4档
适于以下魔兽食用：
百兽纲 百虫纲 有翼纲 草木纲 水栖纲 甲鳞纲 咒具纲 死尸纲","特殊効果：敵に致命傷を与えた時、自身に『興奮』状態を1付与する。
エキサイティング効果：与ダメージ+15%、被ダメージ-8%
情熱の持続時間: 60秒
最大ギア数: 4 ギア
以下のモンスターに適しています。
クラスエンサイクロペディア、クラスセンテノーラ、クラス翼虫類、クラス草本科、クラスアクアティカ、クラスオ爪虫、クラスカース、クラスネクロゾア"
"Pawprint","","","","特殊效果：战斗结束时恢复玩家25%的体力","特殊効果：戦闘終了時プレイヤーの体力を25％回復"
"Pawprint","","","","特殊效果：盾格挡时为自身附加1档“受到魔法伤害减轻”状态
受到魔法伤害减轻效果：受到的魔法伤害减轻5%
受到魔法伤害减轻持续时间：60秒
最大档数：8档","特殊効果：盾で防御した時、自身に「魔法ダメージ軽減」状態を1段階追加する。
魔法ダメージ軽減効果：受ける魔法ダメージ5％軽減
魔法ダメージ軽減時間：60秒
最大ギア数: 8 ギア"
"Pawprint","","","","特殊效果：自动攻击追加冰属性伤害
追加伤害受到其他斗兽装备、道具或能力类技能的魔法伤害提高的影响
追加伤害威力：240
当同时持有其他具备自动攻击追加效果的斗兽装备时，仅能发挥1个效果","特殊効果：自動攻撃で氷ダメージを追加
追加ダメージは他の闘獣装備、小道具、アビリティスキルの魔法ダメージ増加の影響を受ける。
追加ダメージ力：240
他の自動攻撃追加効果を持つ闘獣装備を所持している場合、効果は1つだけ発揮されます。"
"Pawprint","","","","特殊效果：自动攻击追加土属性伤害
追加伤害受到其他斗兽装备、道具或能力类技能的魔法伤害提高的影响
追加伤害威力：240
当同时持有其他具备自动攻击追加效果的斗兽装备时，仅能发挥1个效果","特殊効果：自動攻撃で土属性ダメージを追加
追加ダメージは他の闘獣装備、小道具、アビリティスキルの魔法ダメージ増加の影響を受ける。
追加ダメージ力：240
他の自動攻撃追加効果を持つ闘獣装備を所持している場合、効果は1つだけ発揮されます。"
"Pawprint","","","","特殊效果：自动攻击追加水属性伤害
追加伤害受到其他斗兽装备、道具或能力类技能的魔法伤害提高的影响
追加伤害威力：240
当同时持有其他具备自动攻击追加效果的斗兽装备时，仅能发挥1个效果","特殊効果：自動攻撃で水属性ダメージを追加
追加ダメージは他の闘獣装備、小道具、アビリティスキルの魔法ダメージ増加の影響を受ける。
追加ダメージ力：240
他の自動攻撃追加効果を持つ闘獣装備を所持している場合、効果は1つだけ発揮されます。"
"Pawprint","","","","特殊效果：自动攻击追加火属性伤害
追加伤害受到其他斗兽装备、道具或能力类技能的魔法伤害提高的影响
追加伤害威力：240
当同时持有其他具备自动攻击追加效果的斗兽装备时，仅能发挥1个效果","特殊効果：自動攻撃で火属性ダメージを追加
追加ダメージは他の闘獣装備、小道具、アビリティスキルの魔法ダメージ増加の影響を受ける。
追加ダメージ力：240
他の自動攻撃追加効果を持つ闘獣装備を所持している場合、効果は1つだけ発揮されます。"
"Pawprint","","","","特殊效果：自动攻击追加雷属性伤害
追加伤害受到其他斗兽装备、道具或能力类技能的魔法伤害提高的影响
追加伤害威力：240
当同时持有其他具备自动攻击追加效果的斗兽装备时，仅能发挥1个效果","特殊効果：自動攻撃で雷属性ダメージを追加
追加ダメージは他の闘獣装備、小道具、アビリティスキルの魔法ダメージ増加の影響を受ける。
追加ダメージ力：240
他の自動攻撃追加効果を持つ闘獣装備を所持している場合、効果は1つだけ発揮されます。"
"Pawprint","","","","特殊效果：自动攻击追加风属性伤害
追加伤害受到其他斗兽装备、道具或能力类技能的魔法伤害提高的影响
追加伤害威力：240
当同时持有其他具备自动攻击追加效果的斗兽装备时，仅能发挥1个效果","特殊効果：自動攻撃で風ダメージを追加
追加ダメージは他の闘獣装備、小道具、アビリティスキルの魔法ダメージ増加の影響を受ける。
追加ダメージ力：240
他の自動攻撃追加効果を持つ闘獣装備を所持している場合、効果は1つだけ発揮されます。"
"Pawprint","","","","特殊效果：被驯兽师召唤时，为自身附加“反射”状态
反射效果：反射除特定攻击之外的所有魔法攻击
持续时间：60秒
适于以下魔兽食用：
甲鳞纲","特殊効果：トレーナーに召喚された時、自身に「反射」状態を付与
反射効果：特定の攻撃を除く全ての魔法攻撃を反射する
持続時間: 60秒
以下のモンスターに適しています。
爪真菌症"
"Pawprint","","","","特殊效果：被驯兽师召唤时，为自身附加“石肤”状态
石肤效果：抵消相当于最大体力24%的伤害量
持续时间：60秒
适于以下魔兽食用：
百兽纲 百虫纲 有翼纲 草木纲 水栖纲 甲鳞纲 死尸纲","特殊効果：獣使いが召喚すると自身に「ストーンスキン」状態を付与する。
ストーンスキン効果：最大体力の24%相当のダメージを相殺
持続時間: 60秒
以下のモンスターに適しています。
クラス百科事典、クラス百科事典、翼虫類クラス、ハーブ類クラス、水生クラス、爪真菌類クラス、壊死動物クラス"
"Pawprint","","","","特殊效果：陷入无法战斗状态时，牺牲魔兽，玩家得以复活，魔兽尚未召唤时无法发动此效果","特殊効果：戦闘不能時、モンスターを生け贄に捧げることでプレイヤーを復活させることができる。この効果はモンスターが召喚されていない場合には発動できない。"
"Pawprint","","","","玩家体力低于 (%)","プレイヤーの健康状態は (%) 未満です"
"Pawprint","","","","生成并复制机器凭证","マシンの資格情報を生成してコピーする"
"Pawprint","","","","生成并复制账号凭证","アカウント認証情報の生成とコピー"
"Pawprint","","","","目录引用","ディレクトリ参照"
"Pawprint","","","","目标数据","対象データ"
"Pawprint","","","","睡眠耐性+100%
受到伤害-10%
适于以下魔兽食用：
百兽纲 百虫纲 有翼纲 草木纲 水栖纲 甲鳞纲 咒具纲 死尸纲","睡眠耐性+100%
受けるダメージ -10%
以下のモンスターに適しています。
クラスエンサイクロペディア、クラスセンテノーラ、クラス翼虫類、クラス草本科、クラスアクアティカ、クラスオ爪虫、クラスカース、クラスネクロゾア"
"Pawprint","","","","石化耐性+100%
受到伤害-10%
适于以下魔兽食用：
百兽纲 百虫纲 有翼纲 草木纲 水栖纲 甲鳞纲 咒具纲 死尸纲","石化耐性+100%
受けるダメージ -10%
以下のモンスターに適しています。
クラスエンサイクロペディア、クラスセンテノーラ、クラス翼虫類、クラス草本科、クラスアクアティカ、クラスオ爪虫、クラスカース、クラスネクロゾア"
"Pawprint","","","","石化耐性+100%
失明耐性+100%
麻痹耐性+100%","石化耐性+100%
失明耐性+100%
麻痺耐性+100%"
"Pawprint","","","","移动速度-20%
受到伤害-20%
最大体力+30%","移動速度 -20%
受けるダメージ -20%
最大体力+30%"
"Pawprint","","","","第 10 格 · 帐篷","ボックス10・テント"
"Pawprint","","","","第 10 格 · 随机事件","ボックス 10 · ランダムイベント"
"Pawprint","","","","第 11 格 · 商店",""
"Pawprint","","","","第 11 格 · 帐篷","ボックス11・テント"
"Pawprint","","","","第 12 格 · 随机事件","ボックス 12 · ランダムイベント"
"Pawprint","","","","第 13 格 · 商店",""
"Pawprint","","","","第 14 格 · 宝箱",""
"Pawprint","","","","第 15 格 · 宝箱",""
"Pawprint","","","","第 19 格 · 商店",""
"Pawprint","","","","第 20 格 · 随机事件","ボックス 20 · ランダムイベント"
"Pawprint","","","","第 21 格 · 帐篷","ボックス21・テント"
"Pawprint","","","","第 22 格 · 宝箱",""
"Pawprint","","","","第 23 格 · 随机事件","ボックス 23 · ランダムイベント"
"Pawprint","","","","第 3 格 · 商店",""
"Pawprint","","","","第 4 格 · 帐篷",""
"Pawprint","","","","第 5 格 · 宝箱",""
"Pawprint","","","","第 6 格 · 随机事件",""
"Pawprint","","","","第 7 格 · 宝箱",""
"Pawprint","","","","第 7 格 · 随机事件",""
"Pawprint","","","","第 9 格 · 宝箱",""
"Pawprint","","","","策略模板",""
"Pawprint","","","","类别",""
"Pawprint","","","","粘贴字符串",""
"Pawprint","","","","精英",""
"Pawprint","","","","练级提升一级",""
"Pawprint","","","","统计",""
"Pawprint","","","","继续",""
"Pawprint","","","","继续##arena",""
"Pawprint","","","","编号 / 魔物",""
"Pawprint","","","","腐坏遗迹无限城市街古迹",""
"Pawprint","","","","自动完成斗兽奇弈(WIP)",""
"Pawprint","","","","自动捕获",""
"Pawprint","","","","至少保留斗兽币",""
"Pawprint","","","","节点默认行为",""
"Pawprint","","","","装备",""
"Pawprint","","","","装备件数",""
"Pawprint","","","","西拉诺西亚",""
"Pawprint","","","","西萨纳兰",""
"Pawprint","","","","规则",""
"Pawprint","","","","认证 / 重新认证 OMNI",""
"Pawprint","","","","让陷入无法战斗状态的魔兽复活
该道具仅可在战斗地图中使用",""
"Pawprint","","","","记录斗兽流程",""
"Pawprint","","","","设置",""
"Pawprint","","","","起点",""
"Pawprint","","","","路线图",""
"Pawprint","","","","运行日志",""
"Pawprint","","","","逆转要害沙斯塔夏溶洞",""
"Pawprint","","","","造成伤害+1%
特殊效果：战斗开始前有35%的几率可以选择是否逃离，选择逃离时虽然得不到战利品但是可以回避战斗
无法避开强敌和头目
追加效果：成功逃离时，为自身附加1档“游击”状态
游击效果：造成伤害+18%、回避率+4%
游击持续时间：永久",""
"Pawprint","","","","造成伤害+10%
受到伤害-10%
特殊效果：在帐篷休息时不会损失食料
适于以下魔兽食用：
百兽纲 百虫纲 有翼纲 草木纲 水栖纲 甲鳞纲 咒具纲 死尸纲",""
"Pawprint","","","","造成伤害+12%
麻痹耐性+100%
特殊效果：自身发动战技触发兽心协作技时，有10%的几率恢复一部分消耗的技力",""
"Pawprint","","","","造成伤害+15%
受到伤害-35%
特殊效果：受到伤害时有3%的几率为自身附加“中毒”状态
持续时间：30秒
适于以下魔兽食用：
甲鳞纲",""
"Pawprint","","","","造成伤害+20%
特殊效果：受到伤害时有1%的几率为自身附加“死亡宣告”状态
死亡宣告持续时间：2秒
特殊效果：技力累积量提高20%",""
"Pawprint","","","","造成伤害+25%
加速+5%
特殊效果：暴击时有10%的几率为自身附加“烈焰锢”状态
烈焰锢效果：移动时会受到魔法伤害
烈焰锢持续时间：9秒",""
"Pawprint","","","","造成伤害+25%
移动速度-20%",""
"Pawprint","","","","造成伤害+30%
受到伤害-30%
特殊效果：暴击时为自身附加“噩梦”状态
持续时间：30秒
适于以下魔兽食用：
百兽纲 百虫纲 有翼纲 草木纲 水栖纲 甲鳞纲 死尸纲",""
"Pawprint","","","","造成伤害+30%
受到物理伤害-30%
特殊效果：受到伤害时有3%的几率为自身附加“麻痹”状态
持续时间：30秒
适于以下魔兽食用：
百虫纲",""
"Pawprint","","","","造成伤害+30%
特殊效果：受到伤害时有5%的几率为自身附加“眩晕”状态
眩晕持续时间：3秒",""
"Pawprint","","","","造成物理伤害+10%
暴击发动率+3%
特殊效果：此斗兽装备的性能也会对召唤中的魔兽产生影响",""
"Pawprint","","","","造成物理伤害+10%
特殊效果：魔兽发动战技触发兽心协作技时，有30%的几率恢复一部分消耗的技力
适于以下魔兽食用：
百兽纲 百虫纲 草木纲 水栖纲 甲鳞纲 死尸纲",""
"Pawprint","","","","造成物理伤害+12%
回避率+3%",""
"Pawprint","","","","造成物理伤害+20%
特殊效果：技力累积量提高50%
适于以下魔兽食用：
有翼纲",""
"Pawprint","","","","造成物理伤害+20%
适于以下魔兽食用：
百兽纲 百虫纲 有翼纲 草木纲 水栖纲 甲鳞纲 死尸纲",""
"Pawprint","","","","造成物理伤害+30%
以太爆发威力+50%
最大体力-80%
适于以下魔兽食用：
百兽纲 百虫纲 有翼纲 草木纲 水栖纲 甲鳞纲 死尸纲",""
"Pawprint","","","","造成物理伤害+40%
特殊效果：暴击时为自身附加“失明”状态
持续时间：30秒
适于以下魔兽食用：
百兽纲 百虫纲 有翼纲 草木纲 水栖纲 甲鳞纲 咒具纲 死尸纲",""
"Pawprint","","","","造成物理伤害+5%
受到物理伤害-5%",""
"Pawprint","","","","造成魔法伤害+18%
受到魔法伤害-15%
特殊效果：自身使用技能及奇弈道具的体力恢复效果提高15%",""
"Pawprint","","","","造成魔法伤害+20%
特殊效果：此斗兽装备的性能也会对召唤中的魔兽产生影响",""
"Pawprint","","","","造成魔法伤害+30%
以太爆发威力+15%
适于以下魔兽食用：
百兽纲 百虫纲 有翼纲 草木纲 水栖纲 甲鳞纲 死尸纲",""
"Pawprint","","","","道具/功能",""
"Pawprint","","","","道具/属性耐性",""
"Pawprint","","","","道具/强化·生存",""
"Pawprint","","","","道具/强化·输出",""
"Pawprint","","","","道具/攻击",""
"Pawprint","","","","道具/药品·复活",""
"Pawprint","","","","道具/药品·恢复",""
"Pawprint","","","","道具/药品·解状态",""
"Pawprint","","","","道具/药品·防状态",""
"Pawprint","","","","道具个数",""
"Pawprint","","","","重新检测",""
"Pawprint","","","","野外躲避",""
"Pawprint","","","","预设",""
"Pawprint","","","","预设分享",""
"Pawprint","","","","预设设置",""
"Pawprint","","","","领航明灯天狼星灯塔",""
"Pawprint","","","","食料",""
"Pawprint","","","","首领",""
"Pawprint","","","","高段第一盘",""
"Pawprint","","","","高段第二盘",""
"Pawprint","","","","高速复唱+10%
特殊效果：自身发动战技触发兽心协作技时，有25%的几率恢复一部分消耗的技力",""
"Pawprint","","","","高速复唱+15%
受到物理伤害-8%",""
"Pawprint","","","","高速复唱+15%
受到魔法伤害-8%",""
"Pawprint","","","","高速复唱+25%
受到伤害-7%
最大体力+15%",""
"Pawprint","","","","魔兽领域日影地修炼所",""
"Pawprint","","","","麻痹耐性+100%
受到伤害-10%
适于以下魔兽食用：
百兽纲 百虫纲 有翼纲 草木纲 水栖纲 甲鳞纲 咒具纲 死尸纲",""
"Pawprint","","","","黑衣森林中央林区",""
"Pawprint","","","","黑衣森林北部林区",""
"Pawprint","","","","默认",""
